candidate_id,family,symbol,fold_number,train_start,train_end,test_start,test_end,original_parameters,eligible_parameter_count,selected_parameters,selected_variant_candidate_id,training_objective,training_objective_value,training_net_sharpe,training_net_return,training_max_drawdown,training_trade_count,fallback_selection_used,training_ineligible,test_net_return,test_net_sharpe,test_max_drawdown,test_trade_count,positive_test_fold
mean_reversion__ETHUSD__entry_z-1p5__lookback-24,mean_reversion,ETHUSD,1,2020-01-01 22:00:00,2021-12-29 22:00:00,2021-12-29 22:00:00,2022-06-29 22:00:00,"{""entry_z"":1.5,""lookback"":24}",9,"{""entry_z"":1.5,""lookback"":29}",mean_reversion__ETHUSD__entry_z-1p5__lookback-29,net_sharpe,-0.9327859322249668,-0.9327859322249668,-0.908390487477264,-0.9330677544002839,427,False,False,-0.6090192825417884,-2.034309339065022,-0.7379334886683062,108,False
mean_reversion__ETHUSD__entry_z-1p5__lookback-24,mean_reversion,ETHUSD,2,2020-07-01 22:00:00,2022-06-29 22:00:00,2022-06-29 22:00:00,2022-12-28 22:00:00,"{""entry_z"":1.5,""lookback"":24}",9,"{""entry_z"":1.5,""lookback"":29}",mean_reversion__ETHUSD__entry_z-1p5__lookback-29,net_sharpe,-1.1683175999707867,-1.1683175999707867,-0.9276131968148615,-0.9451078406662226,430,False,False,-0.5906404850268846,-2.5513019189468817,-0.6054689128005921,102,False
mean_reversion__ETHUSD__entry_z-1p5__lookback-24,mean_reversion,ETHUSD,3,2020-12-30 22:00:00,2022-12-28 22:00:00,2022-12-28 22:00:00,2023-06-28 22:00:00,"{""entry_z"":1.5,""lookback"":24}",9,"{""entry_z"":1.5,""lookback"":29}",mean_reversion__ETHUSD__entry_z-1p5__lookback-29,net_sharpe,-1.0586376408499696,-1.0586376408499696,-0.9114272995289882,-0.9417367922619978,431,False,False,-0.33107141270541784,-1.6387004229772897,-0.3799464354615726,105,False
mean_reversion__ETHUSD__entry_z-1p5__lookback-24,mean_reversion,ETHUSD,4,2021-06-30 22:00:00,2023-06-28 22:00:00,2023-06-28 22:00:00,2023-12-27 22:00:00,"{""entry_z"":1.5,""lookback"":24}",9,"{""entry_z"":1.2,""lookback"":29}",mean_reversion__ETHUSD__entry_z-1p2__lookback-29,net_sharpe,-1.595028981939332,-1.595028981939332,-0.9191387852608475,-0.9334616498278744,491,False,False,-0.2967679263570614,-1.7740948966677894,-0.40211971323362483,127,False
mean_reversion__ETHUSD__entry_z-1p5__lookback-24,mean_reversion,ETHUSD,5,2021-12-29 22:00:00,2023-12-27 22:00:00,2023-12-27 22:00:00,2024-06-26 22:00:00,"{""entry_z"":1.5,""lookback"":24}",9,"{""entry_z"":1.5,""lookback"":29}",mean_reversion__ETHUSD__entry_z-1p5__lookback-29,net_sharpe,-1.959669706747223,-1.959669706747223,-0.9237903309236414,-0.937445004453691,433,False,False,-0.04947613766851333,0.0643834548314585,-0.2845342893875116,114,False
mean_reversion__ETHUSD__entry_z-1p5__lookback-24,mean_reversion,ETHUSD,6,2022-06-29 22:00:00,2024-06-26 22:00:00,2024-06-26 22:00:00,2024-12-25 22:00:00,"{""entry_z"":1.5,""lookback"":24}",9,"{""entry_z"":1.8,""lookback"":29}",mean_reversion__ETHUSD__entry_z-1p8__lookback-29,net_sharpe,-1.0649820130810086,-1.0649820130810086,-0.7072430185650765,-0.7783363502695149,378,False,False,-0.45683897887653535,-1.9999619959791943,-0.5234424535964133,85,False
mean_reversion__ETHUSD__entry_z-1p5__lookback-24,mean_reversion,ETHUSD,7,2022-12-28 22:00:00,2024-12-25 22:00:00,2024-12-25 22:00:00,2025-06-25 22:00:00,"{""entry_z"":1.5,""lookback"":24}",9,"{""entry_z"":1.8,""lookback"":29}",mean_reversion__ETHUSD__entry_z-1p8__lookback-29,net_sharpe,-0.9990117655233676,-0.9990117655233676,-0.6728697347420698,-0.7079709348412331,372,False,False,0.6229937631863733,1.8444886330742816,-0.32280455154361476,94,True
mean_reversion__ETHUSD__entry_z-1p5__lookback-24,mean_reversion,ETHUSD,8,2023-06-28 22:00:00,2025-06-25 22:00:00,2025-06-25 22:00:00,2025-12-24 22:00:00,"{""entry_z"":1.5,""lookback"":24}",9,"{""entry_z"":1.2,""lookback"":29}",mean_reversion__ETHUSD__entry_z-1p2__lookback-29,net_sharpe,0.0025771117077605923,0.0025771117077605923,-0.26700130650254605,-0.6885686946543592,520,False,False,-0.23705553645268762,-0.7467559340241295,-0.4033628643921088,123,False
mean_reversion__ETHUSD__entry_z-1p5__lookback-48,mean_reversion,ETHUSD,1,2020-01-01 22:00:00,2021-12-29 22:00:00,2021-12-29 22:00:00,2022-06-29 22:00:00,"{""entry_z"":1.5,""lookback"":48}",9,"{""entry_z"":1.8,""lookback"":38}",mean_reversion__ETHUSD__entry_z-1p8__lookback-38,net_sharpe,-0.7676109718818274,-0.7676109718818274,-0.8730746792460581,-0.9283750683168985,291,False,False,-0.7039706064745448,-2.8830899401871086,-0.7791868014319816,66,False
mean_reversion__ETHUSD__entry_z-1p5__lookback-48,mean_reversion,ETHUSD,2,2020-07-01 22:00:00,2022-06-29 22:00:00,2022-06-29 22:00:00,2022-12-28 22:00:00,"{""entry_z"":1.5,""lookback"":48}",9,"{""entry_z"":1.2,""lookback"":38}",mean_reversion__ETHUSD__entry_z-1p2__lookback-38,net_sharpe,-1.0867030361093672,-1.0867030361093672,-0.9236567855503985,-0.9453192617988885,379,False,False,-0.45645795228094,-1.5171896993180547,-0.5261110749520007,97,False
mean_reversion__ETHUSD__entry_z-1p5__lookback-48,mean_reversion,ETHUSD,3,2020-12-30 22:00:00,2022-12-28 22:00:00,2022-12-28 22:00:00,2023-06-28 22:00:00,"{""entry_z"":1.5,""lookback"":48}",9,"{""entry_z"":1.8,""lookback"":38}",mean_reversion__ETHUSD__entry_z-1p8__lookback-38,net_sharpe,-0.5741338522472175,-0.5741338522472175,-0.782875066809805,-0.9085538015779879,300,False,False,-0.26005556734283575,-1.2857102241374463,-0.3203894164911282,72,False
mean_reversion__ETHUSD__entry_z-1p5__lookback-48,mean_reversion,ETHUSD,4,2021-06-30 22:00:00,2023-06-28 22:00:00,2023-06-28 22:00:00,2023-12-27 22:00:00,"{""entry_z"":1.5,""lookback"":48}",9,"{""entry_z"":1.8,""lookback"":58}",mean_reversion__ETHUSD__entry_z-1p8__lookback-58,net_sharpe,-1.0464391570864333,-1.0464391570864333,-0.8144530972844269,-0.8627389838249618,206,False,False,-0.0935133763723115,-0.43664293944728416,-0.25433523851110973,48,False
mean_reversion__ETHUSD__entry_z-1p5__lookback-48,mean_reversion,ETHUSD,5,2021-12-29 22:00:00,2023-12-27 22:00:00,2023-12-27 22:00:00,2024-06-26 22:00:00,"{""entry_z"":1.5,""lookback"":48}",9,"{""entry_z"":1.5,""lookback"":58}",mean_reversion__ETHUSD__entry_z-1p5__lookback-58,net_sharpe,-0.8001535901130579,-0.8001535901130579,-0.7137475103138191,-0.7732158635167748,247,False,False,-0.21620945208706088,-0.686528492852838,-0.4418453836545837,61,False
mean_reversion__ETHUSD__entry_z-1p5__lookback-48,mean_reversion,ETHUSD,6,2022-06-29 22:00:00,2024-06-26 22:00:00,2024-06-26 22:00:00,2024-12-25 22:00:00,"{""entry_z"":1.5,""lookback"":48}",9,"{""entry_z"":1.5,""lookback"":58}",mean_reversion__ETHUSD__entry_z-1p5__lookback-58,net_sharpe,-0.34501507704844453,-0.34501507704844453,-0.44140172191424676,-0.5942177574790618,250,False,False,-0.5229730366729768,-2.2993605541551108,-0.5735900593758907,60,False
mean_reversion__ETHUSD__entry_z-1p5__lookback-48,mean_reversion,ETHUSD,7,2022-12-28 22:00:00,2024-12-25 22:00:00,2024-12-25 22:00:00,2025-06-25 22:00:00,"{""entry_z"":1.5,""lookback"":48}",9,"{""entry_z"":1.2,""lookback"":58}",mean_reversion__ETHUSD__entry_z-1p2__lookback-58,net_sharpe,-0.7711857639572807,-0.7711857639572807,-0.6325012254663371,-0.6872131548888261,283,False,False,0.48477682545904655,1.4305445367963727,-0.3304283019492591,75,True
mean_reversion__ETHUSD__entry_z-1p5__lookback-48,mean_reversion,ETHUSD,8,2023-06-28 22:00:00,2025-06-25 22:00:00,2025-06-25 22:00:00,2025-12-24 22:00:00,"{""entry_z"":1.5,""lookback"":48}",9,"{""entry_z"":1.2,""lookback"":38}",mean_reversion__ETHUSD__entry_z-1p2__lookback-38,net_sharpe,0.1397904997423638,0.1397904997423638,-0.1496296855857161,-0.6447821442919677,424,False,False,-0.2239807689366481,-0.6683061938402187,-0.41719110491194,98,False
mean_reversion__ETHUSD__entry_z-1p5__lookback-96,mean_reversion,ETHUSD,1,2020-01-01 22:00:00,2021-12-29 22:00:00,2021-12-29 22:00:00,2022-06-29 22:00:00,"{""entry_z"":1.5,""lookback"":96}",9,"{""entry_z"":1.2,""lookback"":96}",mean_reversion__ETHUSD__entry_z-1p2__lookback-96,net_sharpe,-0.8612113101660023,-0.8612113101660023,-0.9204098925271693,-0.9463079046748496,161,False,False,-0.5144471637183088,-1.3737366670261684,-0.6136992597482667,41,False
mean_reversion__ETHUSD__entry_z-1p5__lookback-96,mean_reversion,ETHUSD,2,2020-07-01 22:00:00,2022-06-29 22:00:00,2022-06-29 22:00:00,2022-12-28 22:00:00,"{""entry_z"":1.5,""lookback"":96}",9,"{""entry_z"":1.5,""lookback"":77}",mean_reversion__ETHUSD__entry_z-1p5__lookback-77,net_sharpe,-0.8255440112074116,-0.8255440112074116,-0.8846570913330093,-0.9188635982381177,179,False,False,-0.3221773220914338,-0.8988152427781966,-0.41671111893330426,45,False
mean_reversion__ETHUSD__entry_z-1p5__lookback-96,mean_reversion,ETHUSD,3,2020-12-30 22:00:00,2022-12-28 22:00:00,2022-12-28 22:00:00,2023-06-28 22:00:00,"{""entry_z"":1.5,""lookback"":96}",9,"{""entry_z"":1.2,""lookback"":96}",mean_reversion__ETHUSD__entry_z-1p2__lookback-96,net_sharpe,-0.4149098528098473,-0.4149098528098473,-0.7650053282690327,-0.8975254640318435,168,False,False,0.04305815965957893,0.41243353394034005,-0.2440886798870261,46,True
mean_reversion__ETHUSD__entry_z-1p5__lookback-96,mean_reversion,ETHUSD,4,2021-06-30 22:00:00,2023-06-28 22:00:00,2023-06-28 22:00:00,2023-12-27 22:00:00,"{""entry_z"":1.5,""lookback"":96}",9,"{""entry_z"":1.8,""lookback"":115}",mean_reversion__ETHUSD__entry_z-1p8__lookback-115,net_sharpe,-0.6992841964047969,-0.6992841964047969,-0.7274258242893705,-0.7952979601137927,111,False,False,0.010705684583751207,0.22849491682085485,-0.20709064493301943,28,True
mean_reversion__ETHUSD__entry_z-1p5__lookback-96,mean_reversion,ETHUSD,5,2021-12-29 22:00:00,2023-12-27 22:00:00,2023-12-27 22:00:00,2024-06-26 22:00:00,"{""entry_z"":1.5,""lookback"":96}",9,"{""entry_z"":1.8,""lookback"":115}",mean_reversion__ETHUSD__entry_z-1p8__lookback-115,net_sharpe,-0.45730633690550315,-0.45730633690550315,-0.5705664940039917,-0.6777791659969122,112,False,False,-0.55318774994799,-2.957876874281545,-0.5980226979505037,20,False
mean_reversion__ETHUSD__entry_z-1p5__lookback-96,mean_reversion,ETHUSD,6,2022-06-29 22:00:00,2024-06-26 22:00:00,2024-06-26 22:00:00,2024-12-25 22:00:00,"{""entry_z"":1.5,""lookback"":96}",9,"{""entry_z"":1.8,""lookback"":77}",mean_reversion__ETHUSD__entry_z-1p8__lookback-77,net_sharpe,-0.3770918237689747,-0.3770918237689747,-0.4516755407450115,-0.5924718795965132,166,False,False,-0.5217672248806202,-2.3265530150411413,-0.5709880343444776,37,False
mean_reversion__ETHUSD__entry_z-1p5__lookback-96,mean_reversion,ETHUSD,7,2022-12-28 22:00:00,2024-12-25 22:00:00,2024-12-25 22:00:00,2025-06-25 22:00:00,"{""entry_z"":1.5,""lookback"":96}",9,"{""entry_z"":1.2,""lookback"":115}",mean_reversion__ETHUSD__entry_z-1p2__lookback-115,net_sharpe,-0.8212353841680232,-0.8212353841680232,-0.6507834757269451,-0.7316132618261058,150,False,False,0.16666789558068618,0.7888315876085568,-0.3960816891822362,41,True
mean_reversion__ETHUSD__entry_z-1p5__lookback-96,mean_reversion,ETHUSD,8,2023-06-28 22:00:00,2025-06-25 22:00:00,2025-06-25 22:00:00,2025-12-24 22:00:00,"{""entry_z"":1.5,""lookback"":96}",9,"{""entry_z"":1.2,""lookback"":77}",mean_reversion__ETHUSD__entry_z-1p2__lookback-77,net_sharpe,-0.14743780740032866,-0.14743780740032866,-0.3935007491005652,-0.7275054854316128,229,False,False,-0.45805014302087876,-1.9914392204262377,-0.5571020529302718,42,False
mean_reversion__ETHUSD__entry_z-2__lookback-24,mean_reversion,ETHUSD,1,2020-01-01 22:00:00,2021-12-29 22:00:00,2021-12-29 22:00:00,2022-06-29 22:00:00,"{""entry_z"":2,""lookback"":24}",3,"{""entry_z"":2.0,""lookback"":29}",mean_reversion__ETHUSD__entry_z-2__lookback-29,net_sharpe,-0.9745395285131122,-0.9745395285131122,-0.8965524481192881,-0.9293855785046699,333,False,False,-0.7002189723366363,-3.0198540306115698,-0.7896196402672667,76,False
mean_reversion__ETHUSD__entry_z-2__lookback-24,mean_reversion,ETHUSD,2,2020-07-01 22:00:00,2022-06-29 22:00:00,2022-06-29 22:00:00,2022-12-28 22:00:00,"{""entry_z"":2,""lookback"":24}",3,"{""entry_z"":2.0,""lookback"":29}",mean_reversion__ETHUSD__entry_z-2__lookback-29,net_sharpe,-1.4688185665563305,-1.4688185665563305,-0.9412183858586289,-0.9548247297808408,326,False,False,-0.4914909781076341,-2.11182345324433,-0.525378667599356,81,False
mean_reversion__ETHUSD__entry_z-2__lookback-24,mean_reversion,ETHUSD,3,2020-12-30 22:00:00,2022-12-28 22:00:00,2022-12-28 22:00:00,2023-06-28 22:00:00,"{""entry_z"":2,""lookback"":24}",3,"{""entry_z"":2.0,""lookback"":29}",mean_reversion__ETHUSD__entry_z-2__lookback-29,net_sharpe,-1.0698712892248483,-1.0698712892248483,-0.8866355916562401,-0.9230085083942935,333,False,False,-0.29562046235887474,-1.5220849344002452,-0.34389629324152793,82,False
mean_reversion__ETHUSD__entry_z-2__lookback-24,mean_reversion,ETHUSD,4,2021-06-30 22:00:00,2023-06-28 22:00:00,2023-06-28 22:00:00,2023-12-27 22:00:00,"{""entry_z"":2,""lookback"":24}",3,"{""entry_z"":2.0,""lookback"":29}",mean_reversion__ETHUSD__entry_z-2__lookback-29,net_sharpe,-1.6587510116694093,-1.6587510116694093,-0.8961759000575086,-0.9112279889664024,333,False,False,-0.23954329913137073,-1.5293301134933963,-0.2925033961291583,80,False
mean_reversion__ETHUSD__entry_z-2__lookback-24,mean_reversion,ETHUSD,5,2021-12-29 22:00:00,2023-12-27 22:00:00,2023-12-27 22:00:00,2024-06-26 22:00:00,"{""entry_z"":2,""lookback"":24}",3,"{""entry_z"":2.0,""lookback"":29}",mean_reversion__ETHUSD__entry_z-2__lookback-29,net_sharpe,-2.1386187704152366,-2.1386187704152366,-0.9202700186061346,-0.9298944917774362,319,False,False,-0.046366771665482975,0.04278075894237266,-0.3118189763657614,88,False
mean_reversion__ETHUSD__entry_z-2__lookback-24,mean_reversion,ETHUSD,6,2022-06-29 22:00:00,2024-06-26 22:00:00,2024-06-26 22:00:00,2024-12-25 22:00:00,"{""entry_z"":2,""lookback"":24}",3,"{""entry_z"":2.0,""lookback"":29}",mean_reversion__ETHUSD__entry_z-2__lookback-29,net_sharpe,-1.2440775732656748,-1.2440775732656748,-0.7362144838000317,-0.795087760637184,331,False,False,-0.42585600647963906,-1.8610104691935252,-0.5016438815289166,78,False
mean_reversion__ETHUSD__entry_z-2__lookback-24,mean_reversion,ETHUSD,7,2022-12-28 22:00:00,2024-12-25 22:00:00,2024-12-25 22:00:00,2025-06-25 22:00:00,"{""entry_z"":2,""lookback"":24}",3,"{""entry_z"":2.0,""lookback"":29}",mean_reversion__ETHUSD__entry_z-2__lookback-29,net_sharpe,-1.1608061824853704,-1.1608061824853704,-0.703942942276599,-0.736583823693876,329,False,False,0.6364171188307881,1.8867380969996557,-0.30672812491043167,85,True
mean_reversion__ETHUSD__entry_z-2__lookback-24,mean_reversion,ETHUSD,8,2023-06-28 22:00:00,2025-06-25 22:00:00,2025-06-25 22:00:00,2025-12-24 22:00:00,"{""entry_z"":2,""lookback"":24}",3,"{""entry_z"":2.0,""lookback"":29}",mean_reversion__ETHUSD__entry_z-2__lookback-29,net_sharpe,-0.11748377937973042,-0.11748377937973042,-0.3102500409344173,-0.6408331648469999,333,False,False,-0.23380432173995414,-0.8614492921432512,-0.38334074584995337,84,False
mean_reversion__ETHUSD__entry_z-2__lookback-48,mean_reversion,ETHUSD,1,2020-01-01 22:00:00,2021-12-29 22:00:00,2021-12-29 22:00:00,2022-06-29 22:00:00,"{""entry_z"":2,""lookback"":48}",3,"{""entry_z"":2.0,""lookback"":38}",mean_reversion__ETHUSD__entry_z-2__lookback-38,net_sharpe,-1.0344822932648827,-1.0344822932648827,-0.9112483052513559,-0.9401852770618222,256,False,False,-0.6756748688008559,-2.741736877824321,-0.7716513716665131,59,False
mean_reversion__ETHUSD__entry_z-2__lookback-48,mean_reversion,ETHUSD,2,2020-07-01 22:00:00,2022-06-29 22:00:00,2022-06-29 22:00:00,2022-12-28 22:00:00,"{""entry_z"":2,""lookback"":48}",3,"{""entry_z"":2.0,""lookback"":58}",mean_reversion__ETHUSD__entry_z-2__lookback-58,net_sharpe,-1.1545063068157424,-1.1545063068157424,-0.9138459481735647,-0.9278032679250061,176,False,False,-0.18364668837839404,-0.40701070873909084,-0.3552826808176547,48,False
mean_reversion__ETHUSD__entry_z-2__lookback-48,mean_reversion,ETHUSD,3,2020-12-30 22:00:00,2022-12-28 22:00:00,2022-12-28 22:00:00,2023-06-28 22:00:00,"{""entry_z"":2,""lookback"":48}",3,"{""entry_z"":2.0,""lookback"":58}",mean_reversion__ETHUSD__entry_z-2__lookback-58,net_sharpe,-0.5669884594653308,-0.5669884594653308,-0.7650416943592226,-0.8754476085263557,180,False,False,-0.03437003909369041,0.04116427172998236,-0.24920049067573868,53,False
mean_reversion__ETHUSD__entry_z-2__lookback-48,mean_reversion,ETHUSD,4,2021-06-30 22:00:00,2023-06-28 22:00:00,2023-06-28 22:00:00,2023-12-27 22:00:00,"{""entry_z"":2,""lookback"":48}",3,"{""entry_z"":2.0,""lookback"":58}",mean_reversion__ETHUSD__entry_z-2__lookback-58,net_sharpe,-1.0391214852716344,-1.0391214852716344,-0.8032733789749559,-0.8542992604133283,188,False,False,-0.13678033692550307,-0.7892074137588582,-0.2797782478327412,41,False
mean_reversion__ETHUSD__entry_z-2__lookback-48,mean_reversion,ETHUSD,5,2021-12-29 22:00:00,2023-12-27 22:00:00,2023-12-27 22:00:00,2024-06-26 22:00:00,"{""entry_z"":2,""lookback"":48}",3,"{""entry_z"":2.0,""lookback"":58}",mean_reversion__ETHUSD__entry_z-2__lookback-58,net_sharpe,-0.8938025687191747,-0.8938025687191747,-0.7147129183938453,-0.7510374850822558,187,False,False,-0.36426952753979036,-1.6079453461225575,-0.5139384153526356,43,False
mean_reversion__ETHUSD__entry_z-2__lookback-48,mean_reversion,ETHUSD,6,2022-06-29 22:00:00,2024-06-26 22:00:00,2024-06-26 22:00:00,2024-12-25 22:00:00,"{""entry_z"":2,""lookback"":48}",3,"{""entry_z"":2.0,""lookback"":38}",mean_reversion__ETHUSD__entry_z-2__lookback-38,net_sharpe,-0.5578197115376968,-0.5578197115376968,-0.5129810930508863,-0.6357946146995503,270,False,False,-0.4614836036716078,-2.058143173676606,-0.535726606727646,61,False
mean_reversion__ETHUSD__entry_z-2__lookback-48,mean_reversion,ETHUSD,7,2022-12-28 22:00:00,2024-12-25 22:00:00,2024-12-25 22:00:00,2025-06-25 22:00:00,"{""entry_z"":2,""lookback"":48}",3,"{""entry_z"":2.0,""lookback"":58}",mean_reversion__ETHUSD__entry_z-2__lookback-58,net_sharpe,-1.0257191697855963,-1.0257191697855963,-0.6767991155396391,-0.7212199794086007,188,False,False,0.6292629551946314,1.7483463922879188,-0.3209101792285747,51,True
mean_reversion__ETHUSD__entry_z-2__lookback-48,mean_reversion,ETHUSD,8,2023-06-28 22:00:00,2025-06-25 22:00:00,2025-06-25 22:00:00,2025-12-24 22:00:00,"{""entry_z"":2,""lookback"":48}",3,"{""entry_z"":2.0,""lookback"":38}",mean_reversion__ETHUSD__entry_z-2__lookback-38,net_sharpe,-0.06740886538489425,-0.06740886538489425,-0.2857002041343478,-0.6762383524230178,263,False,False,-0.44102239404624644,-2.1393713026744976,-0.5279849680207768,60,False
mean_reversion__ETHUSD__entry_z-2__lookback-96,mean_reversion,ETHUSD,1,2020-01-01 22:00:00,2021-12-29 22:00:00,2021-12-29 22:00:00,2022-06-29 22:00:00,"{""entry_z"":2,""lookback"":96}",3,"{""entry_z"":2.0,""lookback"":77}",mean_reversion__ETHUSD__entry_z-2__lookback-77,net_sharpe,-0.9293020850266795,-0.9293020850266795,-0.9062469553872708,-0.9295962388281174,137,False,False,-0.5849476208030455,-1.9982162601170759,-0.705760589239699,31,False
mean_reversion__ETHUSD__entry_z-2__lookback-96,mean_reversion,ETHUSD,2,2020-07-01 22:00:00,2022-06-29 22:00:00,2022-06-29 22:00:00,2022-12-28 22:00:00,"{""entry_z"":2,""lookback"":96}",3,"{""entry_z"":2.0,""lookback"":77}",mean_reversion__ETHUSD__entry_z-2__lookback-77,net_sharpe,-0.8319474750790999,-0.8319474750790999,-0.8647300535933148,-0.9054869641550354,138,False,False,-0.15718633281327743,-0.2504009356582659,-0.3224232610648996,38,False
mean_reversion__ETHUSD__entry_z-2__lookback-96,mean_reversion,ETHUSD,3,2020-12-30 22:00:00,2022-12-28 22:00:00,2022-12-28 22:00:00,2023-06-28 22:00:00,"{""entry_z"":2,""lookback"":96}",3,"{""entry_z"":2.0,""lookback"":77}",mean_reversion__ETHUSD__entry_z-2__lookback-77,net_sharpe,-0.49097641612686416,-0.49097641612686416,-0.7504501147353041,-0.8897700585559711,139,False,False,0.004311961407724496,0.2259256243905329,-0.2582207207620528,36,True
mean_reversion__ETHUSD__entry_z-2__lookback-96,mean_reversion,ETHUSD,4,2021-06-30 22:00:00,2023-06-28 22:00:00,2023-06-28 22:00:00,2023-12-27 22:00:00,"{""entry_z"":2,""lookback"":96}",3,"{""entry_z"":2.0,""lookback"":115}",mean_reversion__ETHUSD__entry_z-2__lookback-115,net_sharpe,-0.7594064237210927,-0.7594064237210927,-0.7335146768703519,-0.8001366691523003,96,False,False,0.019920877257392222,0.2841027818602127,-0.2050625821099087,27,True
mean_reversion__ETHUSD__entry_z-2__lookback-96,mean_reversion,ETHUSD,5,2021-12-29 22:00:00,2023-12-27 22:00:00,2023-12-27 22:00:00,2024-06-26 22:00:00,"{""entry_z"":2,""lookback"":96}",3,"{""entry_z"":2.0,""lookback"":115}",mean_reversion__ETHUSD__entry_z-2__lookback-115,net_sharpe,-0.5574239696320947,-0.5574239696320947,-0.604901618944381,-0.6993240248289192,99,False,False,-0.5436248910583753,-2.9089052921547904,-0.5934557669338785,19,False
mean_reversion__ETHUSD__entry_z-2__lookback-96,mean_reversion,ETHUSD,6,2022-06-29 22:00:00,2024-06-26 22:00:00,2024-06-26 22:00:00,2024-12-25 22:00:00,"{""entry_z"":2,""lookback"":96}",3,"{""entry_z"":2.0,""lookback"":77}",mean_reversion__ETHUSD__entry_z-2__lookback-77,net_sharpe,-0.3166084110527886,-0.3166084110527886,-0.41070923835063533,-0.5632614165846657,151,False,False,-0.5107316156211722,-2.263828256023219,-0.5610882351945341,34,False
mean_reversion__ETHUSD__entry_z-2__lookback-96,mean_reversion,ETHUSD,7,2022-12-28 22:00:00,2024-12-25 22:00:00,2024-12-25 22:00:00,2025-06-25 22:00:00,"{""entry_z"":2,""lookback"":96}",3,"{""entry_z"":2.0,""lookback"":77}",mean_reversion__ETHUSD__entry_z-2__lookback-77,net_sharpe,-0.8822353592193136,-0.8822353592193136,-0.6412382414760296,-0.7085711295841847,149,False,False,0.5442973779273084,1.613654359157065,-0.3722460329901238,43,True
mean_reversion__ETHUSD__entry_z-2__lookback-96,mean_reversion,ETHUSD,8,2023-06-28 22:00:00,2025-06-25 22:00:00,2025-06-25 22:00:00,2025-12-24 22:00:00,"{""entry_z"":2,""lookback"":96}",3,"{""entry_z"":2.0,""lookback"":115}",mean_reversion__ETHUSD__entry_z-2__lookback-115,net_sharpe,-0.12124256749467358,-0.12124256749467358,-0.33339400079049764,-0.7209482610788784,104,False,False,-0.3800074195819996,-1.684582149771941,-0.541824431185949,20,False
mean_reversion__SPXUSD__entry_z-1p5__lookback-24,mean_reversion,SPXUSD,1,2020-01-01 23:00:00,2021-12-29 23:00:00,2021-12-29 23:00:00,2022-06-29 23:00:00,"{""entry_z"":1.5,""lookback"":24}",9,"{""entry_z"":1.8,""lookback"":24}",mean_reversion__SPXUSD__entry_z-1p8__lookback-24,net_sharpe,0.2052308418650705,0.2052308418650705,0.04266880347512059,-0.20582735616473358,462,False,False,-0.12050454626989127,-1.1892113157880668,-0.1581478514833563,104,False
mean_reversion__SPXUSD__entry_z-1p5__lookback-24,mean_reversion,SPXUSD,2,2020-07-01 23:00:00,2022-06-29 23:00:00,2022-06-29 23:00:00,2022-12-28 23:00:00,"{""entry_z"":1.5,""lookback"":24}",9,"{""entry_z"":1.8,""lookback"":29}",mean_reversion__SPXUSD__entry_z-1p8__lookback-29,net_sharpe,-0.08843210913653679,-0.08843210913653679,-0.045496078033299914,-0.20085655480491393,374,False,False,0.0070139377760964905,0.16887026922951112,-0.08425328726128667,88,True
mean_reversion__SPXUSD__entry_z-1p5__lookback-24,mean_reversion,SPXUSD,3,2020-12-30 23:00:00,2022-12-28 23:00:00,2022-12-28 23:00:00,2023-06-28 23:00:00,"{""entry_z"":1.5,""lookback"":24}",9,"{""entry_z"":1.8,""lookback"":29}",mean_reversion__SPXUSD__entry_z-1p8__lookback-29,net_sharpe,-0.40952381193741233,-0.40952381193741233,-0.1424164399176111,-0.23825852694531524,358,False,False,-0.004217816972875377,-0.01596763828579111,-0.07927246566338564,94,False
mean_reversion__SPXUSD__entry_z-1p5__lookback-24,mean_reversion,SPXUSD,4,2021-06-30 23:00:00,2023-06-28 23:00:00,2023-06-28 23:00:00,2023-12-27 23:00:00,"{""entry_z"":1.5,""lookback"":24}",9,"{""entry_z"":1.2,""lookback"":24}",mean_reversion__SPXUSD__entry_z-1p2__lookback-24,net_sharpe,-0.18485391583303595,-0.18485391583303595,-0.08910852096709043,-0.20903527209164863,569,False,False,0.00860900227387229,0.21945564920862376,-0.06181044160194771,143,True
mean_reversion__SPXUSD__entry_z-1p5__lookback-24,mean_reversion,SPXUSD,5,2021-12-29 23:00:00,2023-12-27 23:00:00,2023-12-27 23:00:00,2024-06-26 23:00:00,"{""entry_z"":1.5,""lookback"":24}",9,"{""entry_z"":1.8,""lookback"":24}",mean_reversion__SPXUSD__entry_z-1p8__lookback-24,net_sharpe,0.19177327235290392,0.19177327235290392,0.036287665560390314,-0.16468669523847368,442,False,False,-0.00166941132467191,0.003307692209387709,-0.05190370412923595,109,False
mean_reversion__SPXUSD__entry_z-1p5__lookback-24,mean_reversion,SPXUSD,6,2022-06-29 23:00:00,2024-06-26 23:00:00,2024-06-26 23:00:00,2024-12-25 23:00:00,"{""entry_z"":1.5,""lookback"":24}",9,"{""entry_z"":1.8,""lookback"":24}",mean_reversion__SPXUSD__entry_z-1p8__lookback-24,net_sharpe,0.7148118941135556,0.7148118941135556,0.18423601216192198,-0.09268083905587554,447,False,False,-0.014808824747338134,-0.24250460682727115,-0.07494432148510033,124,False
mean_reversion__SPXUSD__entry_z-1p5__lookback-24,mean_reversion,SPXUSD,7,2022-12-28 23:00:00,2024-12-25 23:00:00,2024-12-25 23:00:00,2025-06-25 23:00:00,"{""entry_z"":1.5,""lookback"":24}",9,"{""entry_z"":1.8,""lookback"":24}",mean_reversion__SPXUSD__entry_z-1p8__lookback-24,net_sharpe,0.5254596735367418,0.5254596735367418,0.09898657184015702,-0.0966876113540055,465,False,False,0.09603746616649023,1.1072311819643073,-0.12561512092244675,115,True
mean_reversion__SPXUSD__entry_z-1p5__lookback-24,mean_reversion,SPXUSD,8,2023-06-28 23:00:00,2025-06-25 23:00:00,2025-06-25 23:00:00,2025-12-24 23:00:00,"{""entry_z"":1.5,""lookback"":24}",9,"{""entry_z"":1.8,""lookback"":24}",mean_reversion__SPXUSD__entry_z-1p8__lookback-24,net_sharpe,0.5917341909027385,0.5917341909027385,0.1376989463282703,-0.12561512092244598,463,False,False,0.009906128827790628,0.2508639913978424,-0.07233175508427914,116,True
mean_reversion__SPXUSD__entry_z-1p5__lookback-48,mean_reversion,SPXUSD,1,2020-01-01 23:00:00,2021-12-29 23:00:00,2021-12-29 23:00:00,2022-06-29 23:00:00,"{""entry_z"":1.5,""lookback"":48}",9,"{""entry_z"":1.8,""lookback"":58}",mean_reversion__SPXUSD__entry_z-1p8__lookback-58,net_sharpe,0.44438507870924704,0.44438507870924704,0.1487819797015364,-0.20475716872456795,210,False,False,-0.03031785678637311,-0.18284443993308513,-0.10650728178068414,49,False
mean_reversion__SPXUSD__entry_z-1p5__lookback-48,mean_reversion,SPXUSD,2,2020-07-01 23:00:00,2022-06-29 23:00:00,2022-06-29 23:00:00,2022-12-28 23:00:00,"{""entry_z"":1.5,""lookback"":48}",9,"{""entry_z"":1.8,""lookback"":58}",mean_reversion__SPXUSD__entry_z-1p8__lookback-58,net_sharpe,0.31389435600481824,0.31389435600481824,0.07455907598960065,-0.12975113427972296,210,False,False,-0.06256878290005996,-0.5712481728692528,-0.12061152030220601,48,False
mean_reversion__SPXUSD__entry_z-1p5__lookback-48,mean_reversion,SPXUSD,3,2020-12-30 23:00:00,2022-12-28 23:00:00,2022-12-28 23:00:00,2023-06-28 23:00:00,"{""entry_z"":1.5,""lookback"":48}",9,"{""entry_z"":1.5,""lookback"":58}",mean_reversion__SPXUSD__entry_z-1p5__lookback-58,net_sharpe,-0.06784655622492118,-0.06784655622492118,-0.05025548427006499,-0.1899585202985694,236,False,False,0.11200585507704819,1.7696417141066596,-0.05672031287128931,67,True
mean_reversion__SPXUSD__entry_z-1p5__lookback-48,mean_reversion,SPXUSD,4,2021-06-30 23:00:00,2023-06-28 23:00:00,2023-06-28 23:00:00,2023-12-27 23:00:00,"{""entry_z"":1.5,""lookback"":48}",9,"{""entry_z"":1.5,""lookback"":58}",mean_reversion__SPXUSD__entry_z-1p5__lookback-58,net_sharpe,0.1997175112619185,0.1997175112619185,0.03972120687315894,-0.18995852029856997,242,False,False,-0.08296163472386642,-1.6545714700653282,-0.12867140935712196,57,False
mean_reversion__SPXUSD__entry_z-1p5__lookback-48,mean_reversion,SPXUSD,5,2021-12-29 23:00:00,2023-12-27 23:00:00,2023-12-27 23:00:00,2024-06-26 23:00:00,"{""entry_z"":1.5,""lookback"":48}",9,"{""entry_z"":1.5,""lookback"":58}",mean_reversion__SPXUSD__entry_z-1p5__lookback-58,net_sharpe,-0.12101054680561431,-0.12101054680561431,-0.06778991512065191,-0.18995852029857085,237,False,False,0.022241795831985156,0.525407623839024,-0.04547802688312297,61,True
mean_reversion__SPXUSD__entry_z-1p5__lookback-48,mean_reversion,SPXUSD,6,2022-06-29 23:00:00,2024-06-26 23:00:00,2024-06-26 23:00:00,2024-12-25 23:00:00,"{""entry_z"":1.5,""lookback"":48}",9,"{""entry_z"":1.8,""lookback"":58}",mean_reversion__SPXUSD__entry_z-1p8__lookback-58,net_sharpe,0.15765332426290155,0.15765332426290155,0.024386715040936036,-0.15986315954807895,213,False,False,-0.06120301524842697,-1.1668510355472292,-0.09237387876810388,48,False
mean_reversion__SPXUSD__entry_z-1p5__lookback-48,mean_reversion,SPXUSD,7,2022-12-28 23:00:00,2024-12-25 23:00:00,2024-12-25 23:00:00,2025-06-25 23:00:00,"{""entry_z"":1.5,""lookback"":48}",9,"{""entry_z"":1.5,""lookback"":38}",mean_reversion__SPXUSD__entry_z-1p5__lookback-38,net_sharpe,0.22333152191286196,0.22333152191286196,0.03697098818734168,-0.14985563693624981,357,False,False,0.18447360032231486,1.6539499912453761,-0.12637345400431266,92,True
mean_reversion__SPXUSD__entry_z-1p5__lookback-48,mean_reversion,SPXUSD,8,2023-06-28 23:00:00,2025-06-25 23:00:00,2025-06-25 23:00:00,2025-12-24 23:00:00,"{""entry_z"":1.5,""lookback"":48}",9,"{""entry_z"":1.5,""lookback"":38}",mean_reversion__SPXUSD__entry_z-1p5__lookback-38,net_sharpe,0.7127639567783275,0.7127639567783275,0.19755889259530868,-0.12637345400431343,358,False,False,0.0388513115889495,0.8005649764996567,-0.0458413442240061,90,True
mean_reversion__SPXUSD__entry_z-1p5__lookback-96,mean_reversion,SPXUSD,1,2020-01-01 23:00:00,2021-12-29 23:00:00,2021-12-29 23:00:00,2022-06-29 23:00:00,"{""entry_z"":1.5,""lookback"":96}",9,"{""entry_z"":1.8,""lookback"":96}",mean_reversion__SPXUSD__entry_z-1p8__lookback-96,net_sharpe,0.381367992570144,0.381367992570144,0.12483975085559873,-0.23090603716812996,143,False,False,-0.09204209850517475,-0.7847027034481989,-0.15973882184177657,28,False
mean_reversion__SPXUSD__entry_z-1p5__lookback-96,mean_reversion,SPXUSD,2,2020-07-01 23:00:00,2022-06-29 23:00:00,2022-06-29 23:00:00,2022-12-28 23:00:00,"{""entry_z"":1.5,""lookback"":96}",9,"{""entry_z"":1.8,""lookback"":115}",mean_reversion__SPXUSD__entry_z-1p8__lookback-115,net_sharpe,0.31634800251406403,0.31634800251406403,0.07622965964481843,-0.1327324082575716,114,False,False,0.08532300200158249,0.9776186716485388,-0.11581740413020414,32,True
mean_reversion__SPXUSD__entry_z-1p5__lookback-96,mean_reversion,SPXUSD,3,2020-12-30 23:00:00,2022-12-28 23:00:00,2022-12-28 23:00:00,2023-06-28 23:00:00,"{""entry_z"":1.5,""lookback"":96}",9,"{""entry_z"":1.8,""lookback"":115}",mean_reversion__SPXUSD__entry_z-1p8__lookback-115,net_sharpe,0.5143429176385701,0.5143429176385701,0.15003631691917607,-0.16088476625335468,117,False,False,0.06442433307599749,1.1685992736625213,-0.039149972238016084,28,True
mean_reversion__SPXUSD__entry_z-1p5__lookback-96,mean_reversion,SPXUSD,4,2021-06-30 23:00:00,2023-06-28 23:00:00,2023-06-28 23:00:00,2023-12-27 23:00:00,"{""entry_z"":1.5,""lookback"":96}",9,"{""entry_z"":1.8,""lookback"":115}",mean_reversion__SPXUSD__entry_z-1p8__lookback-115,net_sharpe,0.6473782602192958,0.6473782602192958,0.20208333873669826,-0.16088476625335169,120,False,False,-0.11835589026832527,-2.4525759980627355,-0.14815363855042174,24,False
mean_reversion__SPXUSD__entry_z-1p5__lookback-96,mean_reversion,SPXUSD,5,2021-12-29 23:00:00,2023-12-27 23:00:00,2023-12-27 23:00:00,2024-06-26 23:00:00,"{""entry_z"":1.5,""lookback"":96}",9,"{""entry_z"":1.8,""lookback"":115}",mean_reversion__SPXUSD__entry_z-1p8__lookback-115,net_sharpe,0.12168556965142563,0.12168556965142563,0.013230166674389032,-0.1638784527459871,113,False,False,0.05278942794537089,1.2503969221139128,-0.0424812451879748,29,True
mean_reversion__SPXUSD__entry_z-1p5__lookback-96,mean_reversion,SPXUSD,6,2022-06-29 23:00:00,2024-06-26 23:00:00,2024-06-26 23:00:00,2024-12-25 23:00:00,"{""entry_z"":1.5,""lookback"":96}",9,"{""entry_z"":1.8,""lookback"":115}",mean_reversion__SPXUSD__entry_z-1p8__lookback-115,net_sharpe,0.42165170663415336,0.42165170663415336,0.09556782635935557,-0.17025148433260406,116,False,False,-0.08992958302805254,-1.6900901616544957,-0.11787969531670428,24,False
mean_reversion__SPXUSD__entry_z-1p5__lookback-96,mean_reversion,SPXUSD,7,2022-12-28 23:00:00,2024-12-25 23:00:00,2024-12-25 23:00:00,2025-06-25 23:00:00,"{""entry_z"":1.5,""lookback"":96}",9,"{""entry_z"":1.5,""lookback"":77}",mean_reversion__SPXUSD__entry_z-1p5__lookback-77,net_sharpe,-0.16649935246632883,-0.16649935246632883,-0.04609964825333013,-0.16970987493844125,191,False,False,-0.04562168878002937,-0.38887220010211104,-0.1522859700338267,45,False
mean_reversion__SPXUSD__entry_z-1p5__lookback-96,mean_reversion,SPXUSD,8,2023-06-28 23:00:00,2025-06-25 23:00:00,2025-06-25 23:00:00,2025-12-24 23:00:00,"{""entry_z"":1.5,""lookback"":96}",9,"{""entry_z"":1.2,""lookback"":77}",mean_reversion__SPXUSD__entry_z-1p2__lookback-77,net_sharpe,-0.30100436573747547,-0.30100436573747547,-0.1022852148448884,-0.25893938915686054,210,False,False,0.01962099925029115,0.4282315777818724,-0.05484381117491599,51,True
mean_reversion__SPXUSD__entry_z-2__lookback-24,mean_reversion,SPXUSD,1,2020-01-01 23:00:00,2021-12-29 23:00:00,2021-12-29 23:00:00,2022-06-29 23:00:00,"{""entry_z"":2,""lookback"":24}",3,"{""entry_z"":2,""lookback"":24}",mean_reversion__SPXUSD__entry_z-2__lookback-24,net_sharpe,0.3147901952807918,0.3147901952807918,0.08469079613123398,-0.21426590083120056,402,False,False,-0.10628635055674085,-1.0637215372746693,-0.14516688348579088,92,False
mean_reversion__SPXUSD__entry_z-2__lookback-24,mean_reversion,SPXUSD,2,2020-07-01 23:00:00,2022-06-29 23:00:00,2022-06-29 23:00:00,2022-12-28 23:00:00,"{""entry_z"":2,""lookback"":24}",3,"{""entry_z"":2.0,""lookback"":29}",mean_reversion__SPXUSD__entry_z-2__lookback-29,net_sharpe,0.025566171852146404,0.025566171852146404,-0.012335295368743227,-0.18190138823779634,328,False,False,0.07247533476243961,0.84370214501326,-0.07672029796516278,82,True
mean_reversion__SPXUSD__entry_z-2__lookback-24,mean_reversion,SPXUSD,3,2020-12-30 23:00:00,2022-12-28 23:00:00,2022-12-28 23:00:00,2023-06-28 23:00:00,"{""entry_z"":2,""lookback"":24}",3,"{""entry_z"":2.0,""lookback"":29}",mean_reversion__SPXUSD__entry_z-2__lookback-29,net_sharpe,-0.060871114964258295,-0.060871114964258295,-0.04099553749244811,-0.19901100575660235,322,False,False,0.014268916316910518,0.31193982085147015,-0.08202508253020846,85,True
mean_reversion__SPXUSD__entry_z-2__lookback-24,mean_reversion,SPXUSD,4,2021-06-30 23:00:00,2023-06-28 23:00:00,2023-06-28 23:00:00,2023-12-27 23:00:00,"{""entry_z"":2,""lookback"":24}",3,"{""entry_z"":2.0,""lookback"":29}",mean_reversion__SPXUSD__entry_z-2__lookback-29,net_sharpe,-0.11335424471280528,-0.11335424471280528,-0.05672369185636328,-0.19901100575660147,318,False,False,-0.021492677037779573,-0.4114928136503343,-0.08191817556409164,81,False
mean_reversion__SPXUSD__entry_z-2__lookback-24,mean_reversion,SPXUSD,5,2021-12-29 23:00:00,2023-12-27 23:00:00,2023-12-27 23:00:00,2024-06-26 23:00:00,"{""entry_z"":2,""lookback"":24}",3,"{""entry_z"":2,""lookback"":24}",mean_reversion__SPXUSD__entry_z-2__lookback-24,net_sharpe,0.20490535743746685,0.20490535743746685,0.040018258501845594,-0.1534998144044052,395,False,False,-0.0031561035202840593,-0.035007279837759364,-0.051226732080101645,99,False
mean_reversion__SPXUSD__entry_z-2__lookback-24,mean_reversion,SPXUSD,6,2022-06-29 23:00:00,2024-06-26 23:00:00,2024-06-26 23:00:00,2024-12-25 23:00:00,"{""entry_z"":2,""lookback"":24}",3,"{""entry_z"":2,""lookback"":24}",mean_reversion__SPXUSD__entry_z-2__lookback-24,net_sharpe,0.6841533380808198,0.6841533380808198,0.16784950926529252,-0.09167749597611585,402,False,False,-0.035591329613241074,-0.6966475757213008,-0.07922164398235565,110,False
mean_reversion__SPXUSD__entry_z-2__lookback-24,mean_reversion,SPXUSD,7,2022-12-28 23:00:00,2024-12-25 23:00:00,2024-12-25 23:00:00,2025-06-25 23:00:00,"{""entry_z"":2,""lookback"":24}",3,"{""entry_z"":2,""lookback"":24}",mean_reversion__SPXUSD__entry_z-2__lookback-24,net_sharpe,0.3042315473153531,0.3042315473153531,0.049889114830501846,-0.09316454165737675,412,False,False,0.09624373919728968,1.1301716529849521,-0.12561512092244576,103,True
mean_reversion__SPXUSD__entry_z-2__lookback-24,mean_reversion,SPXUSD,8,2023-06-28 23:00:00,2025-06-25 23:00:00,2025-06-25 23:00:00,2025-12-24 23:00:00,"{""entry_z"":2,""lookback"":24}",3,"{""entry_z"":2,""lookback"":24}",mean_reversion__SPXUSD__entry_z-2__lookback-24,net_sharpe,0.5245736624621508,0.5245736624621508,0.11579896696063496,-0.1256151209224462,412,False,False,0.02214820663010797,0.5109254767274742,-0.05905996518395751,102,True
mean_reversion__SPXUSD__entry_z-2__lookback-48,mean_reversion,SPXUSD,1,2020-01-01 23:00:00,2021-12-29 23:00:00,2021-12-29 23:00:00,2022-06-29 23:00:00,"{""entry_z"":2,""lookback"":48}",3,"{""entry_z"":2.0,""lookback"":58}",mean_reversion__SPXUSD__entry_z-2__lookback-58,net_sharpe,0.8637816310714076,0.8637816310714076,0.34881302759442057,-0.18545724344221637,186,False,False,-0.0672884262008131,-0.615174558545213,-0.10935888898123691,41,False
mean_reversion__SPXUSD__entry_z-2__lookback-48,mean_reversion,SPXUSD,2,2020-07-01 23:00:00,2022-06-29 23:00:00,2022-06-29 23:00:00,2022-12-28 23:00:00,"{""entry_z"":2,""lookback"":48}",3,"{""entry_z"":2.0,""lookback"":58}",mean_reversion__SPXUSD__entry_z-2__lookback-58,net_sharpe,0.3936066643266094,0.3936066643266094,0.09597971595199772,-0.11862028268179803,183,False,False,-0.07007291454082043,-0.6794999720033632,-0.13395498051150345,43,False
mean_reversion__SPXUSD__entry_z-2__lookback-48,mean_reversion,SPXUSD,3,2020-12-30 23:00:00,2022-12-28 23:00:00,2022-12-28 23:00:00,2023-06-28 23:00:00,"{""entry_z"":2,""lookback"":48}",3,"{""entry_z"":2.0,""lookback"":58}",mean_reversion__SPXUSD__entry_z-2__lookback-58,net_sharpe,-0.18544748238219338,-0.18544748238219338,-0.0776010801728435,-0.18733924749817044,178,False,False,0.11073749805031019,1.9303862687804094,-0.04125570887950769,54,True
mean_reversion__SPXUSD__entry_z-2__lookback-48,mean_reversion,SPXUSD,4,2021-06-30 23:00:00,2023-06-28 23:00:00,2023-06-28 23:00:00,2023-12-27 23:00:00,"{""entry_z"":2,""lookback"":48}",3,"{""entry_z"":2.0,""lookback"":58}",mean_reversion__SPXUSD__entry_z-2__lookback-58,net_sharpe,0.17801752180332092,0.17801752180332092,0.03159096061498712,-0.18733924749816933,189,False,False,-0.0725495364660178,-1.569668968413784,-0.12303444260688412,43,False
mean_reversion__SPXUSD__entry_z-2__lookback-48,mean_reversion,SPXUSD,5,2021-12-29 23:00:00,2023-12-27 23:00:00,2023-12-27 23:00:00,2024-06-26 23:00:00,"{""entry_z"":2,""lookback"":48}",3,"{""entry_z"":2.0,""lookback"":58}",mean_reversion__SPXUSD__entry_z-2__lookback-58,net_sharpe,-0.2637964891707582,-0.2637964891707582,-0.10028440602341537,-0.18733924749817,182,False,False,0.07698172927538716,1.8199253203230226,-0.03639154190590832,51,True
mean_reversion__SPXUSD__entry_z-2__lookback-48,mean_reversion,SPXUSD,6,2022-06-29 23:00:00,2024-06-26 23:00:00,2024-06-26 23:00:00,2024-12-25 23:00:00,"{""entry_z"":2,""lookback"":48}",3,"{""entry_z"":2.0,""lookback"":58}",mean_reversion__SPXUSD__entry_z-2__lookback-58,net_sharpe,0.21739123186407236,0.21739123186407236,0.03973404040384754,-0.15569545161844323,193,False,False,-0.0654750728601825,-1.2813375518742707,-0.09789212472061082,43,False
mean_reversion__SPXUSD__entry_z-2__lookback-48,mean_reversion,SPXUSD,7,2022-12-28 23:00:00,2024-12-25 23:00:00,2024-12-25 23:00:00,2025-06-25 23:00:00,"{""entry_z"":2,""lookback"":48}",3,"{""entry_z"":2.0,""lookback"":58}",mean_reversion__SPXUSD__entry_z-2__lookback-58,net_sharpe,0.1582387408811512,0.1582387408811512,0.021656765287087376,-0.15569545161844778,193,False,False,-0.018094644442451013,-0.10479793012733853,-0.1256151209224462,44,False
mean_reversion__SPXUSD__entry_z-2__lookback-48,mean_reversion,SPXUSD,8,2023-06-28 23:00:00,2025-06-25 23:00:00,2025-06-25 23:00:00,2025-12-24 23:00:00,"{""entry_z"":2,""lookback"":48}",3,"{""entry_z"":2.0,""lookback"":38}",mean_reversion__SPXUSD__entry_z-2__lookback-38,net_sharpe,0.41734656006726567,0.41734656006726567,0.09750221196639153,-0.1637644630938856,277,False,False,0.05248506993646229,1.1578331395760428,-0.029382292231768803,66,True
mean_reversion__SPXUSD__entry_z-2__lookback-96,mean_reversion,SPXUSD,1,2020-01-01 23:00:00,2021-12-29 23:00:00,2021-12-29 23:00:00,2022-06-29 23:00:00,"{""entry_z"":2,""lookback"":96}",3,"{""entry_z"":2,""lookback"":96}",mean_reversion__SPXUSD__entry_z-2__lookback-96,net_sharpe,0.3087194470055809,0.3087194470055809,0.08800518658146061,-0.2549968058019847,122,False,False,-0.10467995793710927,-0.9821713104183165,-0.14065090138634662,24,False
mean_reversion__SPXUSD__entry_z-2__lookback-96,mean_reversion,SPXUSD,2,2020-07-01 23:00:00,2022-06-29 23:00:00,2022-06-29 23:00:00,2022-12-28 23:00:00,"{""entry_z"":2,""lookback"":96}",3,"{""entry_z"":2.0,""lookback"":115}",mean_reversion__SPXUSD__entry_z-2__lookback-115,net_sharpe,0.2552456277636727,0.2552456277636727,0.055112535532035656,-0.1437542945406367,99,False,False,0.10957795265079673,1.2489254429399332,-0.11337795501264547,30,True
mean_reversion__SPXUSD__entry_z-2__lookback-96,mean_reversion,SPXUSD,3,2020-12-30 23:00:00,2022-12-28 23:00:00,2022-12-28 23:00:00,2023-06-28 23:00:00,"{""entry_z"":2,""lookback"":96}",3,"{""entry_z"":2.0,""lookback"":115}",mean_reversion__SPXUSD__entry_z-2__lookback-115,net_sharpe,0.4600807395750194,0.4600807395750194,0.12558861247515796,-0.18486016467414756,101,False,False,0.07200768903637766,1.3571576391297453,-0.038741900116565864,24,True
mean_reversion__SPXUSD__entry_z-2__lookback-96,mean_reversion,SPXUSD,4,2021-06-30 23:00:00,2023-06-28 23:00:00,2023-06-28 23:00:00,2023-12-27 23:00:00,"{""entry_z"":2,""lookback"":96}",3,"{""entry_z"":2.0,""lookback"":115}",mean_reversion__SPXUSD__entry_z-2__lookback-115,net_sharpe,0.5433512367206847,0.5433512367206847,0.15631205492688616,-0.18486016467414934,104,False,False,-0.12313341157243929,-2.6113609331768615,-0.15177343515701625,21,False
mean_reversion__SPXUSD__entry_z-2__lookback-96,mean_reversion,SPXUSD,5,2021-12-29 23:00:00,2023-12-27 23:00:00,2023-12-27 23:00:00,2024-06-26 23:00:00,"{""entry_z"":2,""lookback"":96}",3,"{""entry_z"":2.0,""lookback"":115}",mean_reversion__SPXUSD__entry_z-2__lookback-115,net_sharpe,0.0247567851038958,0.0247567851038958,-0.01632637709122242,-0.18486016467415056,98,False,False,0.030276566746565647,0.8056313971227034,-0.044422105893804464,23,True
mean_reversion__SPXUSD__entry_z-2__lookback-96,mean_reversion,SPXUSD,6,2022-06-29 23:00:00,2024-06-26 23:00:00,2024-06-26 23:00:00,2024-12-25 23:00:00,"{""entry_z"":2,""lookback"":96}",3,"{""entry_z"":2.0,""lookback"":115}",mean_reversion__SPXUSD__entry_z-2__lookback-115,net_sharpe,0.4101368995075964,0.4101368995075964,0.08934625852150924,-0.16573020478960687,101,False,False,-0.08618430194127202,-1.6218510278847227,-0.11515635674669411,23,False
mean_reversion__SPXUSD__entry_z-2__lookback-96,mean_reversion,SPXUSD,7,2022-12-28 23:00:00,2024-12-25 23:00:00,2024-12-25 23:00:00,2025-06-25 23:00:00,"{""entry_z"":2,""lookback"":96}",3,"{""entry_z"":2.0,""lookback"":115}",mean_reversion__SPXUSD__entry_z-2__lookback-115,net_sharpe,-0.6158635013589271,-0.6158635013589271,-0.12386195047717152,-0.21911436593282996,95,False,False,0.04720320498667574,0.5568813111306616,-0.15836601988874655,26,True
mean_reversion__SPXUSD__entry_z-2__lookback-96,mean_reversion,SPXUSD,8,2023-06-28 23:00:00,2025-06-25 23:00:00,2025-06-25 23:00:00,2025-12-24 23:00:00,"{""entry_z"":2,""lookback"":96}",3,"{""entry_z"":2.0,""lookback"":115}",mean_reversion__SPXUSD__entry_z-2__lookback-115,net_sharpe,-0.45466992666805245,-0.45466992666805245,-0.12805418692394788,-0.28544143570466796,97,False,False,0.10214627046049918,2.174269978760992,-0.03629742524172641,29,True
mean_reversion__USDJPY__entry_z-1p5__lookback-24,mean_reversion,USDJPY,1,2020-01-01 22:00:00,2021-12-29 22:00:00,2021-12-29 22:00:00,2022-06-29 22:00:00,"{""entry_z"":1.5,""lookback"":24}",9,"{""entry_z"":1.8,""lookback"":29}",mean_reversion__USDJPY__entry_z-1p8__lookback-29,net_sharpe,-1.2958755769436199,-1.2958755769436199,-0.14263207239556108,-0.16182465306750127,371,False,False,-0.07212550641953219,-2.064463574241517,-0.09732496634571175,87,False
mean_reversion__USDJPY__entry_z-1p5__lookback-24,mean_reversion,USDJPY,2,2020-07-01 22:00:00,2022-06-29 22:00:00,2022-06-29 22:00:00,2022-12-28 22:00:00,"{""entry_z"":1.5,""lookback"":24}",9,"{""entry_z"":1.8,""lookback"":29}",mean_reversion__USDJPY__entry_z-1p8__lookback-29,net_sharpe,-0.9412346591777971,-0.9412346591777971,-0.0977493827177357,-0.12849781635208912,373,False,False,-0.020098172115026847,-0.287116567889761,-0.09669645925375958,90,False
mean_reversion__USDJPY__entry_z-1p5__lookback-24,mean_reversion,USDJPY,3,2020-12-30 22:00:00,2022-12-28 22:00:00,2022-12-28 22:00:00,2023-06-28 22:00:00,"{""entry_z"":1.5,""lookback"":24}",9,"{""entry_z"":1.8,""lookback"":29}",mean_reversion__USDJPY__entry_z-1p8__lookback-29,net_sharpe,-0.8067557264800249,-0.8067557264800249,-0.12015188338407357,-0.19087413616628268,365,False,False,-0.0149000396197847,-0.28693265545103314,-0.05651450298397931,98,False
mean_reversion__USDJPY__entry_z-1p5__lookback-24,mean_reversion,USDJPY,4,2021-06-30 22:00:00,2023-06-28 22:00:00,2023-06-28 22:00:00,2023-12-27 22:00:00,"{""entry_z"":1.5,""lookback"":24}",9,"{""entry_z"":1.8,""lookback"":29}",mean_reversion__USDJPY__entry_z-1p8__lookback-29,net_sharpe,-0.836032966095457,-0.836032966095457,-0.13986140650032042,-0.1860174599316996,368,False,False,-0.061232064618797155,-1.6974550180601964,-0.0800085668668149,93,False
mean_reversion__USDJPY__entry_z-1p5__lookback-24,mean_reversion,USDJPY,5,2021-12-29 22:00:00,2023-12-27 22:00:00,2023-12-27 22:00:00,2024-06-26 22:00:00,"{""entry_z"":1.5,""lookback"":24}",9,"{""entry_z"":1.8,""lookback"":29}",mean_reversion__USDJPY__entry_z-1p8__lookback-29,net_sharpe,-0.9460968889842186,-0.9460968889842186,-0.16363336338047696,-0.17597838180157388,369,False,False,-0.06994734066350083,-2.0219575614224743,-0.0976463211522054,82,False
mean_reversion__USDJPY__entry_z-1p5__lookback-24,mean_reversion,USDJPY,6,2022-06-29 22:00:00,2024-06-26 22:00:00,2024-06-26 22:00:00,2024-12-25 22:00:00,"{""entry_z"":1.5,""lookback"":24}",9,"{""entry_z"":1.8,""lookback"":29}",mean_reversion__USDJPY__entry_z-1p8__lookback-29,net_sharpe,-0.9200809039423493,-0.9200809039423493,-0.15947825500276525,-0.18160635024869798,364,False,False,-0.04755885671005766,-0.9108126994166507,-0.09971209438327922,98,False
mean_reversion__USDJPY__entry_z-1p5__lookback-24,mean_reversion,USDJPY,7,2022-12-28 22:00:00,2024-12-25 22:00:00,2024-12-25 22:00:00,2025-06-25 22:00:00,"{""entry_z"":1.5,""lookback"":24}",9,"{""entry_z"":1.5,""lookback"":24}",mean_reversion__USDJPY__entry_z-1p5__lookback-24,net_sharpe,-1.0117306618482855,-1.0117306618482855,-0.17030914410887055,-0.21329198392691395,519,False,False,-0.02098285733007632,-0.40580241666725203,-0.07838417669017284,133,False
mean_reversion__USDJPY__entry_z-1p5__lookback-24,mean_reversion,USDJPY,8,2023-06-28 22:00:00,2025-06-25 22:00:00,2025-06-25 22:00:00,2025-12-24 22:00:00,"{""entry_z"":1.5,""lookback"":24}",9,"{""entry_z"":1.8,""lookback"":24}",mean_reversion__USDJPY__entry_z-1p8__lookback-24,net_sharpe,-1.0570681497926488,-1.0570681497926488,-0.16947448109947072,-0.18674613130545992,446,False,False,-0.04322927124403375,-1.4289622046809,-0.07356254597095524,111,False
mean_reversion__USDJPY__entry_z-1p5__lookback-48,mean_reversion,USDJPY,1,2020-01-01 22:00:00,2021-12-29 22:00:00,2021-12-29 22:00:00,2022-06-29 22:00:00,"{""entry_z"":1.5,""lookback"":48}",9,"{""entry_z"":1.2,""lookback"":38}",mean_reversion__USDJPY__entry_z-1p2__lookback-38,net_sharpe,-1.0763871918929688,-1.0763871918929688,-0.12968283750599208,-0.16315996520759435,396,False,False,-0.09936194252658481,-2.6657006493598687,-0.1068998949753518,86,False
mean_reversion__USDJPY__entry_z-1p5__lookback-48,mean_reversion,USDJPY,2,2020-07-01 22:00:00,2022-06-29 22:00:00,2022-06-29 22:00:00,2022-12-28 22:00:00,"{""entry_z"":1.5,""lookback"":48}",9,"{""entry_z"":1.2,""lookback"":38}",mean_reversion__USDJPY__entry_z-1p2__lookback-38,net_sharpe,-1.3522736330758698,-1.3522736330758698,-0.14797377137178536,-0.15697014398601827,388,False,False,-0.025231983934795643,-0.35129291154773973,-0.08207504576836566,86,False
mean_reversion__USDJPY__entry_z-1p5__lookback-48,mean_reversion,USDJPY,3,2020-12-30 22:00:00,2022-12-28 22:00:00,2022-12-28 22:00:00,2023-06-28 22:00:00,"{""entry_z"":1.5,""lookback"":48}",9,"{""entry_z"":1.2,""lookback"":38}",mean_reversion__USDJPY__entry_z-1p2__lookback-38,net_sharpe,-1.039340285017123,-1.039340285017123,-0.16040327916365094,-0.20368285652831852,370,False,False,0.008491455841799223,0.21721783795694563,-0.04552618651636442,103,True
mean_reversion__USDJPY__entry_z-1p5__lookback-48,mean_reversion,USDJPY,4,2021-06-30 22:00:00,2023-06-28 22:00:00,2023-06-28 22:00:00,2023-12-27 22:00:00,"{""entry_z"":1.5,""lookback"":48}",9,"{""entry_z"":1.5,""lookback"":38}",mean_reversion__USDJPY__entry_z-1p5__lookback-38,net_sharpe,-0.7463382622857828,-0.7463382622857828,-0.1335913464367332,-0.19451904155552535,328,False,False,-0.09599815511934884,-2.5901750253188416,-0.11217694087801555,78,False
mean_reversion__USDJPY__entry_z-1p5__lookback-48,mean_reversion,USDJPY,5,2021-12-29 22:00:00,2023-12-27 22:00:00,2023-12-27 22:00:00,2024-06-26 22:00:00,"{""entry_z"":1.5,""lookback"":48}",9,"{""entry_z"":1.8,""lookback"":58}",mean_reversion__USDJPY__entry_z-1p8__lookback-58,net_sharpe,-0.9817589529047915,-0.9817589529047915,-0.17037675180109169,-0.18096531216596956,197,False,False,-0.03127938745816006,-0.9071849378728402,-0.07379782864065365,49,False
mean_reversion__USDJPY__entry_z-1p5__lookback-48,mean_reversion,USDJPY,6,2022-06-29 22:00:00,2024-06-26 22:00:00,2024-06-26 22:00:00,2024-12-25 22:00:00,"{""entry_z"":1.5,""lookback"":48}",9,"{""entry_z"":1.8,""lookback"":58}",mean_reversion__USDJPY__entry_z-1p8__lookback-58,net_sharpe,-0.6330916240632123,-0.6330916240632123,-0.11434385338293362,-0.1401341705922139,200,False,False,-0.03497242038295001,-0.6344686418984875,-0.08519122865386464,50,False
mean_reversion__USDJPY__entry_z-1p5__lookback-48,mean_reversion,USDJPY,7,2022-12-28 22:00:00,2024-12-25 22:00:00,2024-12-25 22:00:00,2025-06-25 22:00:00,"{""entry_z"":1.5,""lookback"":48}",9,"{""entry_z"":1.8,""lookback"":58}",mean_reversion__USDJPY__entry_z-1p8__lookback-58,net_sharpe,-0.4605425280530511,-0.4605425280530511,-0.0826292501875634,-0.16792991071028374,205,False,False,0.015465575970032619,0.3833482536870067,-0.054943698736028224,52,True
mean_reversion__USDJPY__entry_z-1p5__lookback-48,mean_reversion,USDJPY,8,2023-06-28 22:00:00,2025-06-25 22:00:00,2025-06-25 22:00:00,2025-12-24 22:00:00,"{""entry_z"":1.5,""lookback"":48}",9,"{""entry_z"":1.8,""lookback"":48}",mean_reversion__USDJPY__entry_z-1p8__lookback-48,net_sharpe,-0.549356227406314,-0.549356227406314,-0.09393106661690864,-0.15244235943057483,242,False,False,-0.05625884075046861,-1.6688052161595517,-0.09164755074136899,57,False
mean_reversion__USDJPY__entry_z-1p5__lookback-96,mean_reversion,USDJPY,1,2020-01-01 22:00:00,2021-12-29 22:00:00,2021-12-29 22:00:00,2022-06-29 22:00:00,"{""entry_z"":1.5,""lookback"":96}",9,"{""entry_z"":1.5,""lookback"":115}",mean_reversion__USDJPY__entry_z-1p5__lookback-115,net_sharpe,-0.8933225676002023,-0.8933225676002023,-0.10762197066816848,-0.13923432535969804,133,False,False,-0.09389422964639604,-2.6039484891725975,-0.14313261947739353,26,False
mean_reversion__USDJPY__entry_z-1p5__lookback-96,mean_reversion,USDJPY,2,2020-07-01 22:00:00,2022-06-29 22:00:00,2022-06-29 22:00:00,2022-12-28 22:00:00,"{""entry_z"":1.5,""lookback"":96}",9,"{""entry_z"":1.5,""lookback"":115}",mean_reversion__USDJPY__entry_z-1p5__lookback-115,net_sharpe,-0.8576952598042531,-0.8576952598042531,-0.09484453834412132,-0.1611155571502415,128,False,False,-0.04184593238305068,-0.666618456565193,-0.08972380904356758,26,False
mean_reversion__USDJPY__entry_z-1p5__lookback-96,mean_reversion,USDJPY,3,2020-12-30 22:00:00,2022-12-28 22:00:00,2022-12-28 22:00:00,2023-06-28 22:00:00,"{""entry_z"":1.5,""lookback"":96}",9,"{""entry_z"":1.5,""lookback"":96}",mean_reversion__USDJPY__entry_z-1p5__lookback-96,net_sharpe,-0.6700830876657445,-0.6700830876657445,-0.10469883849707917,-0.1662676981636242,138,False,False,0.05015319238796234,1.0664671710240778,-0.03483183206165352,39,True
mean_reversion__USDJPY__entry_z-1p5__lookback-96,mean_reversion,USDJPY,4,2021-06-30 22:00:00,2023-06-28 22:00:00,2023-06-28 22:00:00,2023-12-27 22:00:00,"{""entry_z"":1.5,""lookback"":96}",9,"{""entry_z"":1.5,""lookback"":96}",mean_reversion__USDJPY__entry_z-1p5__lookback-96,net_sharpe,0.0030073731844337424,0.0030073731844337424,-0.007461099633164658,-0.1448312253358719,145,False,False,0.008440904158236506,0.2769134559178923,-0.058455034255837535,39,True
mean_reversion__USDJPY__entry_z-1p5__lookback-96,mean_reversion,USDJPY,5,2021-12-29 22:00:00,2023-12-27 22:00:00,2023-12-27 22:00:00,2024-06-26 22:00:00,"{""entry_z"":1.5,""lookback"":96}",9,"{""entry_z"":1.5,""lookback"":96}",mean_reversion__USDJPY__entry_z-1p5__lookback-96,net_sharpe,0.05033922855586718,0.05033922855586718,0.0007277800847453886,-0.13055921977656504,146,False,False,-0.030605206239711857,-0.8569408332230329,-0.06573237377477714,34,False
mean_reversion__USDJPY__entry_z-1p5__lookback-96,mean_reversion,USDJPY,6,2022-06-29 22:00:00,2024-06-26 22:00:00,2024-06-26 22:00:00,2024-12-25 22:00:00,"{""entry_z"":1.5,""lookback"":96}",9,"{""entry_z"":1.5,""lookback"":96}",mean_reversion__USDJPY__entry_z-1p5__lookback-96,net_sharpe,0.24850186837020632,0.24850186837020632,0.037874941883735636,-0.07853883831409847,148,False,False,-0.07455576032202038,-1.387876469659997,-0.10089281609663614,32,False
mean_reversion__USDJPY__entry_z-1p5__lookback-96,mean_reversion,USDJPY,7,2022-12-28 22:00:00,2024-12-25 22:00:00,2024-12-25 22:00:00,2025-06-25 22:00:00,"{""entry_z"":1.5,""lookback"":96}",9,"{""entry_z"":1.8,""lookback"":96}",mean_reversion__USDJPY__entry_z-1p8__lookback-96,net_sharpe,0.006277975475661415,0.006277975475661415,-0.0063621375875150266,-0.10032702205934418,134,False,False,0.01090581659027845,0.2843873257461106,-0.04357139242913677,32,True
mean_reversion__USDJPY__entry_z-1p5__lookback-96,mean_reversion,USDJPY,8,2023-06-28 22:00:00,2025-06-25 22:00:00,2025-06-25 22:00:00,2025-12-24 22:00:00,"{""entry_z"":1.5,""lookback"":96}",9,"{""entry_z"":1.8,""lookback"":115}",mean_reversion__USDJPY__entry_z-1p8__lookback-115,net_sharpe,-0.10838590605295043,-0.10838590605295043,-0.025506263813151575,-0.11244518285337912,111,False,False,0.020166697855132698,0.6411093807454487,-0.045334116089733256,27,True
mean_reversion__USDJPY__entry_z-2__lookback-24,mean_reversion,USDJPY,1,2020-01-01 22:00:00,2021-12-29 22:00:00,2021-12-29 22:00:00,2022-06-29 22:00:00,"{""entry_z"":2,""lookback"":24}",3,"{""entry_z"":2.0,""lookback"":29}",mean_reversion__USDJPY__entry_z-2__lookback-29,net_sharpe,-1.2909069410532028,-1.2909069410532028,-0.1387733864758992,-0.15718715120089433,331,False,False,-0.07947270982026822,-2.354163006050969,-0.1024314220783249,77,False
mean_reversion__USDJPY__entry_z-2__lookback-24,mean_reversion,USDJPY,2,2020-07-01 22:00:00,2022-06-29 22:00:00,2022-06-29 22:00:00,2022-12-28 22:00:00,"{""entry_z"":2,""lookback"":24}",3,"{""entry_z"":2.0,""lookback"":29}",mean_reversion__USDJPY__entry_z-2__lookback-29,net_sharpe,-1.1484347733519353,-1.1484347733519353,-0.11395404706750334,-0.13570380358384782,330,False,False,-0.010399227261183586,-0.12673612721030347,-0.08513483938885091,83,False
mean_reversion__USDJPY__entry_z-2__lookback-24,mean_reversion,USDJPY,3,2020-12-30 22:00:00,2022-12-28 22:00:00,2022-12-28 22:00:00,2023-06-28 22:00:00,"{""entry_z"":2,""lookback"":24}",3,"{""entry_z"":2.0,""lookback"":29}",mean_reversion__USDJPY__entry_z-2__lookback-29,net_sharpe,-0.8612121956731239,-0.8612121956731239,-0.12350878237568264,-0.18835500313266995,325,False,False,-0.02399160274679102,-0.510808212409342,-0.06478221294879094,88,False
mean_reversion__USDJPY__entry_z-2__lookback-24,mean_reversion,USDJPY,4,2021-06-30 22:00:00,2023-06-28 22:00:00,2023-06-28 22:00:00,2023-12-27 22:00:00,"{""entry_z"":2,""lookback"":24}",3,"{""entry_z"":2.0,""lookback"":29}",mean_reversion__USDJPY__entry_z-2__lookback-29,net_sharpe,-0.942405493757714,-0.942405493757714,-0.15077902045979974,-0.18243117753450722,330,False,False,-0.046188009956108944,-1.3149260337918176,-0.07399599957787051,82,False
mean_reversion__USDJPY__entry_z-2__lookback-24,mean_reversion,USDJPY,5,2021-12-29 22:00:00,2023-12-27 22:00:00,2023-12-27 22:00:00,2024-06-26 22:00:00,"{""entry_z"":2,""lookback"":24}",3,"{""entry_z"":2.0,""lookback"":29}",mean_reversion__USDJPY__entry_z-2__lookback-29,net_sharpe,-0.9601472653342512,-0.9601472653342512,-0.16074481872160107,-0.17042999889875743,331,False,False,-0.07217095162087916,-2.171571432846141,-0.09008445221826844,75,False
mean_reversion__USDJPY__entry_z-2__lookback-24,mean_reversion,USDJPY,6,2022-06-29 22:00:00,2024-06-26 22:00:00,2024-06-26 22:00:00,2024-12-25 22:00:00,"{""entry_z"":2,""lookback"":24}",3,"{""entry_z"":2.0,""lookback"":29}",mean_reversion__USDJPY__entry_z-2__lookback-29,net_sharpe,-0.9049551155746984,-0.9049551155746984,-0.15220272389207368,-0.16313605387377117,329,False,False,-0.034375418152072124,-0.6900208345976936,-0.08876659370072104,83,False
mean_reversion__USDJPY__entry_z-2__lookback-24,mean_reversion,USDJPY,7,2022-12-28 22:00:00,2024-12-25 22:00:00,2024-12-25 22:00:00,2025-06-25 22:00:00,"{""entry_z"":2,""lookback"":24}",3,"{""entry_z"":2.0,""lookback"":29}",mean_reversion__USDJPY__entry_z-2__lookback-29,net_sharpe,-1.0531596091501967,-1.0531596091501967,-0.16254242309736666,-0.2044433427969563,330,False,False,-0.01919534552183244,-0.40747219896375453,-0.07464697747471694,84,False
mean_reversion__USDJPY__entry_z-2__lookback-24,mean_reversion,USDJPY,8,2023-06-28 22:00:00,2025-06-25 22:00:00,2025-06-25 22:00:00,2025-12-24 22:00:00,"{""entry_z"":2,""lookback"":24}",3,"{""entry_z"":2.0,""lookback"":29}",mean_reversion__USDJPY__entry_z-2__lookback-29,net_sharpe,-1.0489983255627535,-1.0489983255627535,-0.1612601612278578,-0.20063638299871633,326,False,False,-0.04632316111248469,-1.5180532818611125,-0.08193500793739272,85,False
mean_reversion__USDJPY__entry_z-2__lookback-48,mean_reversion,USDJPY,1,2020-01-01 22:00:00,2021-12-29 22:00:00,2021-12-29 22:00:00,2022-06-29 22:00:00,"{""entry_z"":2,""lookback"":48}",3,"{""entry_z"":2,""lookback"":48}",mean_reversion__USDJPY__entry_z-2__lookback-48,net_sharpe,-1.0594279352225684,-1.0594279352225684,-0.11436272797730496,-0.1362605494055512,215,False,False,-0.0937456326379622,-2.6743368219906296,-0.10560128281903225,49,False
mean_reversion__USDJPY__entry_z-2__lookback-48,mean_reversion,USDJPY,2,2020-07-01 22:00:00,2022-06-29 22:00:00,2022-06-29 22:00:00,2022-12-28 22:00:00,"{""entry_z"":2,""lookback"":48}",3,"{""entry_z"":2.0,""lookback"":58}",mean_reversion__USDJPY__entry_z-2__lookback-58,net_sharpe,-1.265414288491737,-1.265414288491737,-0.127409894539544,-0.15904412808429957,187,False,False,-0.024506425903697227,-0.38389374065684867,-0.08186158655569209,43,False
mean_reversion__USDJPY__entry_z-2__lookback-48,mean_reversion,USDJPY,3,2020-12-30 22:00:00,2022-12-28 22:00:00,2022-12-28 22:00:00,2023-06-28 22:00:00,"{""entry_z"":2,""lookback"":48}",3,"{""entry_z"":2.0,""lookback"":38}",mean_reversion__USDJPY__entry_z-2__lookback-38,net_sharpe,-0.948331618246588,-0.948331618246588,-0.1362979329211388,-0.1931931003452768,252,False,False,-0.0034871399492913957,-0.03142130005981089,-0.0528312586454035,75,False
mean_reversion__USDJPY__entry_z-2__lookback-48,mean_reversion,USDJPY,4,2021-06-30 22:00:00,2023-06-28 22:00:00,2023-06-28 22:00:00,2023-12-27 22:00:00,"{""entry_z"":2,""lookback"":48}",3,"{""entry_z"":2.0,""lookback"":58}",mean_reversion__USDJPY__entry_z-2__lookback-58,net_sharpe,-0.573394870103443,-0.573394870103443,-0.09870304703026023,-0.16809009845491651,185,False,False,-0.04483973111720119,-1.318478977923886,-0.06791020448803198,47,False
mean_reversion__USDJPY__entry_z-2__lookback-48,mean_reversion,USDJPY,5,2021-12-29 22:00:00,2023-12-27 22:00:00,2023-12-27 22:00:00,2024-06-26 22:00:00,"{""entry_z"":2,""lookback"":48}",3,"{""entry_z"":2.0,""lookback"":58}",mean_reversion__USDJPY__entry_z-2__lookback-58,net_sharpe,-0.7365265840974268,-0.7365265840974268,-0.1283137213448673,-0.15395113378238268,184,False,False,-0.03103375508051509,-0.9070342782685504,-0.07480487874510744,45,False
mean_reversion__USDJPY__entry_z-2__lookback-48,mean_reversion,USDJPY,6,2022-06-29 22:00:00,2024-06-26 22:00:00,2024-06-26 22:00:00,2024-12-25 22:00:00,"{""entry_z"":2,""lookback"":48}",3,"{""entry_z"":2.0,""lookback"":58}",mean_reversion__USDJPY__entry_z-2__lookback-58,net_sharpe,-0.4455791188857129,-0.4455791188857129,-0.08185351278345854,-0.11286073440833777,187,False,False,-0.02040660731368582,-0.3594817547458627,-0.08519122865386464,45,False
mean_reversion__USDJPY__entry_z-2__lookback-48,mean_reversion,USDJPY,7,2022-12-28 22:00:00,2024-12-25 22:00:00,2024-12-25 22:00:00,2025-06-25 22:00:00,"{""entry_z"":2,""lookback"":48}",3,"{""entry_z"":2.0,""lookback"":58}",mean_reversion__USDJPY__entry_z-2__lookback-58,net_sharpe,-0.3867868049556276,-0.3867868049556276,-0.06849197079186575,-0.15196718105485574,188,False,False,0.032786144523885286,0.7741288990841283,-0.040390169143982524,48,True
mean_reversion__USDJPY__entry_z-2__lookback-48,mean_reversion,USDJPY,8,2023-06-28 22:00:00,2025-06-25 22:00:00,2025-06-25 22:00:00,2025-12-24 22:00:00,"{""entry_z"":2,""lookback"":48}",3,"{""entry_z"":2.0,""lookback"":58}",mean_reversion__USDJPY__entry_z-2__lookback-58,net_sharpe,-0.3441272291909462,-0.3441272291909462,-0.0616503644749965,-0.13721737140381784,186,False,False,-0.02032246594284759,-0.6392406325303068,-0.053051081020027424,43,False
mean_reversion__USDJPY__entry_z-2__lookback-96,mean_reversion,USDJPY,1,2020-01-01 22:00:00,2021-12-29 22:00:00,2021-12-29 22:00:00,2022-06-29 22:00:00,"{""entry_z"":2,""lookback"":96}",3,"{""entry_z"":2.0,""lookback"":115}",mean_reversion__USDJPY__entry_z-2__lookback-115,net_sharpe,-0.7337851145836384,-0.7337851145836384,-0.08577805524173387,-0.11223573844287904,100,False,False,-0.08053969338552747,-2.2928747540212924,-0.130976438517299,22,False
mean_reversion__USDJPY__entry_z-2__lookback-96,mean_reversion,USDJPY,2,2020-07-01 22:00:00,2022-06-29 22:00:00,2022-06-29 22:00:00,2022-12-28 22:00:00,"{""entry_z"":2,""lookback"":96}",3,"{""entry_z"":2.0,""lookback"":115}",mean_reversion__USDJPY__entry_z-2__lookback-115,net_sharpe,-0.8125962412453429,-0.8125962412453429,-0.08553625792287578,-0.15082044691132712,98,False,False,-0.04382866471107483,-0.7346675305518203,-0.08066147926546052,22,False
mean_reversion__USDJPY__entry_z-2__lookback-96,mean_reversion,USDJPY,3,2020-12-30 22:00:00,2022-12-28 22:00:00,2022-12-28 22:00:00,2023-06-28 22:00:00,"{""entry_z"":2,""lookback"":96}",3,"{""entry_z"":2.0,""lookback"":77}",mean_reversion__USDJPY__entry_z-2__lookback-77,net_sharpe,-0.900963517601071,-0.900963517601071,-0.13002823104777783,-0.17174455057530325,137,False,False,-0.004434161759063415,-0.05844320336378414,-0.04457273672013995,35,False
mean_reversion__USDJPY__entry_z-2__lookback-96,mean_reversion,USDJPY,4,2021-06-30 22:00:00,2023-06-28 22:00:00,2023-06-28 22:00:00,2023-12-27 22:00:00,"{""entry_z"":2,""lookback"":96}",3,"{""entry_z"":2,""lookback"":96}",mean_reversion__USDJPY__entry_z-2__lookback-96,net_sharpe,-0.3590153464970024,-0.3590153464970024,-0.06554572507283962,-0.16564346337732272,113,False,False,0.03138267668658434,0.9924442359192817,-0.055494281920439925,30,True
mean_reversion__USDJPY__entry_z-2__lookback-96,mean_reversion,USDJPY,5,2021-12-29 22:00:00,2023-12-27 22:00:00,2023-12-27 22:00:00,2024-06-26 22:00:00,"{""entry_z"":2,""lookback"":96}",3,"{""entry_z"":2,""lookback"":96}",mean_reversion__USDJPY__entry_z-2__lookback-96,net_sharpe,-0.11056396628649964,-0.11056396628649964,-0.02661955160937024,-0.1479182117662604,114,False,False,-0.020266128771340597,-0.5688917443357013,-0.05590913205996617,29,False
mean_reversion__USDJPY__entry_z-2__lookback-96,mean_reversion,USDJPY,6,2022-06-29 22:00:00,2024-06-26 22:00:00,2024-06-26 22:00:00,2024-12-25 22:00:00,"{""entry_z"":2,""lookback"":96}",3,"{""entry_z"":2,""lookback"":96}",mean_reversion__USDJPY__entry_z-2__lookback-96,net_sharpe,0.18513961472106294,0.18513961472106294,0.02494720231303993,-0.07420939800870274,118,False,False,-0.041447553807351545,-0.7605547348530312,-0.07736126863383608,28,False
mean_reversion__USDJPY__entry_z-2__lookback-96,mean_reversion,USDJPY,7,2022-12-28 22:00:00,2024-12-25 22:00:00,2024-12-25 22:00:00,2025-06-25 22:00:00,"{""entry_z"":2,""lookback"":96}",3,"{""entry_z"":2,""lookback"":96}",mean_reversion__USDJPY__entry_z-2__lookback-96,net_sharpe,-0.012907156731641759,-0.012907156731641759,-0.009240992470547882,-0.09070557085370845,119,False,False,0.02768848476078478,0.6639618261296564,-0.0334017256982575,30,True
mean_reversion__USDJPY__entry_z-2__lookback-96,mean_reversion,USDJPY,8,2023-06-28 22:00:00,2025-06-25 22:00:00,2025-06-25 22:00:00,2025-12-24 22:00:00,"{""entry_z"":2,""lookback"":96}",3,"{""entry_z"":2.0,""lookback"":115}",mean_reversion__USDJPY__entry_z-2__lookback-115,net_sharpe,0.22193771407802113,0.22193771407802113,0.030514768111356005,-0.09408006620061371,103,False,False,0.012907080386019398,0.4358985642238651,-0.04499103375850211,24,True
mean_reversion__XAUUSD__entry_z-1p5__lookback-24,mean_reversion,XAUUSD,1,2020-01-01 23:00:00,2021-12-29 23:00:00,2021-12-29 23:00:00,2022-06-29 23:00:00,"{""entry_z"":1.5,""lookback"":24}",9,"{""entry_z"":1.2,""lookback"":19}",mean_reversion__XAUUSD__entry_z-1p2__lookback-19,net_sharpe,-0.8131799839998334,-0.8131799839998334,-0.23992404357622565,-0.2936559834297858,712,False,False,-0.12597908559393445,-1.9546470663714013,-0.16008734238053002,168,False
mean_reversion__XAUUSD__entry_z-1p5__lookback-24,mean_reversion,XAUUSD,2,2020-07-01 23:00:00,2022-06-29 23:00:00,2022-06-29 23:00:00,2022-12-28 23:00:00,"{""entry_z"":1.5,""lookback"":24}",9,"{""entry_z"":1.8,""lookback"":29}",mean_reversion__XAUUSD__entry_z-1p8__lookback-29,net_sharpe,-0.7746167665673515,-0.7746167665673515,-0.19030014354636127,-0.24120492376784397,353,False,False,0.023486668329782967,0.46089582788300765,-0.042223280108885985,97,True
mean_reversion__XAUUSD__entry_z-1p5__lookback-24,mean_reversion,XAUUSD,3,2020-12-30 23:00:00,2022-12-28 23:00:00,2022-12-28 23:00:00,2023-06-28 23:00:00,"{""entry_z"":1.5,""lookback"":24}",9,"{""entry_z"":1.5,""lookback"":29}",mean_reversion__XAUUSD__entry_z-1p5__lookback-29,net_sharpe,-0.033350136135246754,-0.033350136135246754,-0.023108074387402366,-0.15250702689560414,437,False,False,-0.06348019270576388,-0.9928613513684548,-0.14642096606970412,108,False
mean_reversion__XAUUSD__entry_z-1p5__lookback-24,mean_reversion,XAUUSD,4,2021-06-30 23:00:00,2023-06-28 23:00:00,2023-06-28 23:00:00,2023-12-27 23:00:00,"{""entry_z"":1.5,""lookback"":24}",9,"{""entry_z"":1.8,""lookback"":29}",mean_reversion__XAUUSD__entry_z-1p8__lookback-29,net_sharpe,-0.27803749261431837,-0.27803749261431837,-0.07641075993935398,-0.1497207807547114,372,False,False,-0.015915657581667686,-0.311355392596869,-0.09767435604770192,96,False
mean_reversion__XAUUSD__entry_z-1p5__lookback-24,mean_reversion,XAUUSD,5,2021-12-29 23:00:00,2023-12-27 23:00:00,2023-12-27 23:00:00,2024-06-26 23:00:00,"{""entry_z"":1.5,""lookback"":24}",9,"{""entry_z"":1.8,""lookback"":29}",mean_reversion__XAUUSD__entry_z-1p8__lookback-29,net_sharpe,-0.19413753324444635,-0.19413753324444635,-0.055526815354430825,-0.1356692219679324,383,False,False,0.018919542321917948,0.3794177600640622,-0.10017080236984977,101,True
mean_reversion__XAUUSD__entry_z-1p5__lookback-24,mean_reversion,XAUUSD,6,2022-06-29 23:00:00,2024-06-26 23:00:00,2024-06-26 23:00:00,2024-12-25 23:00:00,"{""entry_z"":1.5,""lookback"":24}",9,"{""entry_z"":1.8,""lookback"":29}",mean_reversion__XAUUSD__entry_z-1p8__lookback-29,net_sharpe,-0.0009536318231468,-0.0009536318231468,-0.012556858717042929,-0.13566922196793263,391,False,False,-0.16543413761809977,-3.09664303141903,-0.1845059479774167,80,False
mean_reversion__XAUUSD__entry_z-1p5__lookback-24,mean_reversion,XAUUSD,7,2022-12-28 23:00:00,2024-12-25 23:00:00,2024-12-25 23:00:00,2025-06-25 23:00:00,"{""entry_z"":1.5,""lookback"":24}",9,"{""entry_z"":1.5,""lookback"":24}",mean_reversion__XAUUSD__entry_z-1p5__lookback-24,net_sharpe,-0.7396001551052982,-0.7396001551052982,-0.16897883139818737,-0.21111639440944363,537,False,False,-0.1093840626805409,-1.3695410857163628,-0.19348033363577455,128,False
mean_reversion__XAUUSD__entry_z-1p5__lookback-24,mean_reversion,XAUUSD,8,2023-06-28 23:00:00,2025-06-25 23:00:00,2025-06-25 23:00:00,2025-12-24 23:00:00,"{""entry_z"":1.5,""lookback"":24}",9,"{""entry_z"":1.5,""lookback"":24}",mean_reversion__XAUUSD__entry_z-1p5__lookback-24,net_sharpe,-1.0029253841916885,-1.0029253841916885,-0.23602198072894132,-0.3525019444966121,525,False,False,-0.10436345349224263,-1.381427724792003,-0.18491025963256258,123,False
mean_reversion__XAUUSD__entry_z-1p5__lookback-48,mean_reversion,XAUUSD,1,2020-01-01 23:00:00,2021-12-29 23:00:00,2021-12-29 23:00:00,2022-06-29 23:00:00,"{""entry_z"":1.5,""lookback"":48}",9,"{""entry_z"":1.8,""lookback"":58}",mean_reversion__XAUUSD__entry_z-1p8__lookback-58,net_sharpe,-0.6063468721617843,-0.6063468721617843,-0.17978482501426063,-0.3120161774884589,209,False,False,0.028387463875916508,0.521706181655871,-0.0750630001246968,51,True
mean_reversion__XAUUSD__entry_z-1p5__lookback-48,mean_reversion,XAUUSD,2,2020-07-01 23:00:00,2022-06-29 23:00:00,2022-06-29 23:00:00,2022-12-28 23:00:00,"{""entry_z"":1.5,""lookback"":48}",9,"{""entry_z"":1.8,""lookback"":58}",mean_reversion__XAUUSD__entry_z-1p8__lookback-58,net_sharpe,0.03535230570310463,0.03535230570310463,-0.007109623586920133,-0.16301630974441128,211,False,False,-0.041996350214994704,-0.6009126110073203,-0.09791668188380176,48,False
mean_reversion__XAUUSD__entry_z-1p5__lookback-48,mean_reversion,XAUUSD,3,2020-12-30 23:00:00,2022-12-28 23:00:00,2022-12-28 23:00:00,2023-06-28 23:00:00,"{""entry_z"":1.5,""lookback"":48}",9,"{""entry_z"":1.8,""lookback"":48}",mean_reversion__XAUUSD__entry_z-1p8__lookback-48,net_sharpe,0.450051380917157,0.450051380917157,0.09885545417483499,-0.09301503951196521,259,False,False,0.050329058719808195,0.8948379498861007,-0.09803936511850608,64,True
mean_reversion__XAUUSD__entry_z-1p5__lookback-48,mean_reversion,XAUUSD,4,2021-06-30 23:00:00,2023-06-28 23:00:00,2023-06-28 23:00:00,2023-12-27 23:00:00,"{""entry_z"":1.5,""lookback"":48}",9,"{""entry_z"":1.8,""lookback"":48}",mean_reversion__XAUUSD__entry_z-1p8__lookback-48,net_sharpe,0.8076228936602635,0.8076228936602635,0.19519194924591932,-0.09803936511850742,266,False,False,-0.061476711779665516,-1.325386560948676,-0.11902138644249372,63,False
mean_reversion__XAUUSD__entry_z-1p5__lookback-48,mean_reversion,XAUUSD,5,2021-12-29 23:00:00,2023-12-27 23:00:00,2023-12-27 23:00:00,2024-06-26 23:00:00,"{""entry_z"":1.5,""lookback"":48}",9,"{""entry_z"":1.8,""lookback"":48}",mean_reversion__XAUUSD__entry_z-1p8__lookback-48,net_sharpe,0.31658599416308913,0.31658599416308913,0.0616230892281342,-0.1190213864424935,260,False,False,-0.013547925602525046,-0.17572714540338708,-0.11809118040993205,64,False
mean_reversion__XAUUSD__entry_z-1p5__lookback-48,mean_reversion,XAUUSD,6,2022-06-29 23:00:00,2024-06-26 23:00:00,2024-06-26 23:00:00,2024-12-25 23:00:00,"{""entry_z"":1.5,""lookback"":48}",9,"{""entry_z"":1.8,""lookback"":48}",mean_reversion__XAUUSD__entry_z-1p8__lookback-48,net_sharpe,0.04767391199934494,0.04767391199934494,-0.0020786535209301737,-0.16943023890044684,256,False,False,-0.1144713207189193,-2.0317583370052024,-0.1334147611614105,59,False
mean_reversion__XAUUSD__entry_z-1p5__lookback-48,mean_reversion,XAUUSD,7,2022-12-28 23:00:00,2024-12-25 23:00:00,2024-12-25 23:00:00,2025-06-25 23:00:00,"{""entry_z"":1.5,""lookback"":48}",9,"{""entry_z"":1.8,""lookback"":48}",mean_reversion__XAUUSD__entry_z-1p8__lookback-48,net_sharpe,-0.530861097905759,-0.530861097905759,-0.1230761896055903,-0.21690726602654298,253,False,False,-0.16207969672630218,-2.293433285501152,-0.20433413769666176,54,False
mean_reversion__XAUUSD__entry_z-1p5__lookback-48,mean_reversion,XAUUSD,8,2023-06-28 23:00:00,2025-06-25 23:00:00,2025-06-25 23:00:00,2025-12-24 23:00:00,"{""entry_z"":1.5,""lookback"":48}",9,"{""entry_z"":1.2,""lookback"":48}",mean_reversion__XAUUSD__entry_z-1p2__lookback-48,net_sharpe,-1.197659269244956,-1.197659269244956,-0.2777775906700247,-0.3455115343407579,322,False,False,-0.0552705435907308,-0.6409966550517479,-0.14886927421789908,80,False
mean_reversion__XAUUSD__entry_z-1p5__lookback-96,mean_reversion,XAUUSD,1,2020-01-01 23:00:00,2021-12-29 23:00:00,2021-12-29 23:00:00,2022-06-29 23:00:00,"{""entry_z"":1.5,""lookback"":96}",9,"{""entry_z"":1.5,""lookback"":115}",mean_reversion__XAUUSD__entry_z-1p5__lookback-115,net_sharpe,-0.5507800684790999,-0.5507800684790999,-0.17707108361615598,-0.2858595750488876,133,False,False,-0.038878548458606055,-0.5483431887175315,-0.11596014302075786,28,False
mean_reversion__XAUUSD__entry_z-1p5__lookback-96,mean_reversion,XAUUSD,2,2020-07-01 23:00:00,2022-06-29 23:00:00,2022-06-29 23:00:00,2022-12-28 23:00:00,"{""entry_z"":1.5,""lookback"":96}",9,"{""entry_z"":1.2,""lookback"":115}",mean_reversion__XAUUSD__entry_z-1p2__lookback-115,net_sharpe,-0.09339688462469568,-0.09339688462469568,-0.04475617079139449,-0.17084557042577397,162,False,False,-0.0197341953033624,-0.2383700259529504,-0.09550629584955861,38,False
mean_reversion__XAUUSD__entry_z-1p5__lookback-96,mean_reversion,XAUUSD,3,2020-12-30 23:00:00,2022-12-28 23:00:00,2022-12-28 23:00:00,2023-06-28 23:00:00,"{""entry_z"":1.5,""lookback"":96}",9,"{""entry_z"":1.2,""lookback"":77}",mean_reversion__XAUUSD__entry_z-1p2__lookback-77,net_sharpe,0.38368412454032197,0.38368412454032197,0.08715056800890064,-0.09732877997550904,229,False,False,0.08522368383438161,1.356750902677826,-0.12370685393159864,58,True
mean_reversion__XAUUSD__entry_z-1p5__lookback-96,mean_reversion,XAUUSD,4,2021-06-30 23:00:00,2023-06-28 23:00:00,2023-06-28 23:00:00,2023-12-27 23:00:00,"{""entry_z"":1.5,""lookback"":96}",9,"{""entry_z"":1.2,""lookback"":77}",mean_reversion__XAUUSD__entry_z-1p2__lookback-77,net_sharpe,0.7902014950444264,0.7902014950444264,0.20694627991340964,-0.12370685393159309,233,False,False,-0.1486579667572977,-3.101529371474381,-0.19023289269890586,38,False
mean_reversion__XAUUSD__entry_z-1p5__lookback-96,mean_reversion,XAUUSD,5,2021-12-29 23:00:00,2023-12-27 23:00:00,2023-12-27 23:00:00,2024-06-26 23:00:00,"{""entry_z"":1.5,""lookback"":96}",9,"{""entry_z"":1.2,""lookback"":77}",mean_reversion__XAUUSD__entry_z-1p2__lookback-77,net_sharpe,-0.1694387076867492,-0.1694387076867492,-0.05716328048368924,-0.19023289269890242,206,False,False,0.00903105042161001,0.21145011660222024,-0.10294028782451481,58,True
mean_reversion__XAUUSD__entry_z-1p5__lookback-96,mean_reversion,XAUUSD,6,2022-06-29 23:00:00,2024-06-26 23:00:00,2024-06-26 23:00:00,2024-12-25 23:00:00,"{""entry_z"":1.5,""lookback"":96}",9,"{""entry_z"":1.2,""lookback"":77}",mean_reversion__XAUUSD__entry_z-1p2__lookback-77,net_sharpe,-0.11348464659908696,-0.11348464659908696,-0.041833610527377996,-0.20743694214801367,212,False,False,-0.10871411253881191,-1.7976621423631756,-0.13641255312920164,48,False
mean_reversion__XAUUSD__entry_z-1p5__lookback-96,mean_reversion,XAUUSD,7,2022-12-28 23:00:00,2024-12-25 23:00:00,2024-12-25 23:00:00,2025-06-25 23:00:00,"{""entry_z"":1.5,""lookback"":96}",9,"{""entry_z"":1.8,""lookback"":96}",mean_reversion__XAUUSD__entry_z-1p8__lookback-96,net_sharpe,-0.3152159426723019,-0.3152159426723019,-0.07826679323217423,-0.18502469240364539,125,False,False,-0.1106982204636704,-1.4318525246105434,-0.1580275556173244,30,False
mean_reversion__XAUUSD__entry_z-1p5__lookback-96,mean_reversion,XAUUSD,8,2023-06-28 23:00:00,2025-06-25 23:00:00,2025-06-25 23:00:00,2025-12-24 23:00:00,"{""entry_z"":1.5,""lookback"":96}",9,"{""entry_z"":1.8,""lookback"":96}",mean_reversion__XAUUSD__entry_z-1p8__lookback-96,net_sharpe,-0.9228537160470918,-0.9228537160470918,-0.21491114585893212,-0.2770314643952436,125,False,False,-0.1753778727453874,-2.459897765077183,-0.2068405558777323,26,False
mean_reversion__XAUUSD__entry_z-2__lookback-24,mean_reversion,XAUUSD,1,2020-01-01 23:00:00,2021-12-29 23:00:00,2021-12-29 23:00:00,2022-06-29 23:00:00,"{""entry_z"":2,""lookback"":24}",3,"{""entry_z"":2.0,""lookback"":29}",mean_reversion__XAUUSD__entry_z-2__lookback-29,net_sharpe,-0.8413726040559044,-0.8413726040559044,-0.2247213731574469,-0.30528977774493105,323,False,False,-0.0042101960886470335,-0.010397319504000883,-0.08117410282734172,86,False
mean_reversion__XAUUSD__entry_z-2__lookback-24,mean_reversion,XAUUSD,2,2020-07-01 23:00:00,2022-06-29 23:00:00,2022-06-29 23:00:00,2022-12-28 23:00:00,"{""entry_z"":2,""lookback"":24}",3,"{""entry_z"":2.0,""lookback"":29}",mean_reversion__XAUUSD__entry_z-2__lookback-29,net_sharpe,-0.5249415196140625,-0.5249415196140625,-0.13331613330869363,-0.2134631564965671,326,False,False,0.029720841173858314,0.5751006429137808,-0.05509431798045783,88,True
mean_reversion__XAUUSD__entry_z-2__lookback-24,mean_reversion,XAUUSD,3,2020-12-30 23:00:00,2022-12-28 23:00:00,2022-12-28 23:00:00,2023-06-28 23:00:00,"{""entry_z"":2,""lookback"":24}",3,"{""entry_z"":2.0,""lookback"":29}",mean_reversion__XAUUSD__entry_z-2__lookback-29,net_sharpe,0.29839522895029696,0.29839522895029696,0.056753851100263875,-0.0859495234087917,341,False,False,-0.030075444175752697,-0.46847842516551846,-0.1262114851780186,85,False
mean_reversion__XAUUSD__entry_z-2__lookback-24,mean_reversion,XAUUSD,4,2021-06-30 23:00:00,2023-06-28 23:00:00,2023-06-28 23:00:00,2023-12-27 23:00:00,"{""entry_z"":2,""lookback"":24}",3,"{""entry_z"":2.0,""lookback"":29}",mean_reversion__XAUUSD__entry_z-2__lookback-29,net_sharpe,0.09374010935950224,0.09374010935950224,0.008359325953464669,-0.1262114851780195,343,False,False,-0.01604237799402819,-0.32074038476905287,-0.09876944161984769,88,False
mean_reversion__XAUUSD__entry_z-2__lookback-24,mean_reversion,XAUUSD,5,2021-12-29 23:00:00,2023-12-27 23:00:00,2023-12-27 23:00:00,2024-06-26 23:00:00,"{""entry_z"":2,""lookback"":24}",3,"{""entry_z"":2.0,""lookback"":29}",mean_reversion__XAUUSD__entry_z-2__lookback-29,net_sharpe,0.016667413456058437,0.016667413456058437,-0.008520378980591548,-0.12621148517801983,350,False,False,-0.0029030398519823697,0.002466057633215098,-0.09307603966471967,85,False
mean_reversion__XAUUSD__entry_z-2__lookback-24,mean_reversion,XAUUSD,6,2022-06-29 23:00:00,2024-06-26 23:00:00,2024-06-26 23:00:00,2024-12-25 23:00:00,"{""entry_z"":2,""lookback"":24}",3,"{""entry_z"":2.0,""lookback"":29}",mean_reversion__XAUUSD__entry_z-2__lookback-29,net_sharpe,-0.014821320690842582,-0.014821320690842582,-0.014746534371798181,-0.1262114851780204,348,False,False,-0.15492652050317424,-2.995836077525469,-0.17423845484787948,73,False
mean_reversion__XAUUSD__entry_z-2__lookback-24,mean_reversion,XAUUSD,7,2022-12-28 23:00:00,2024-12-25 23:00:00,2024-12-25 23:00:00,2025-06-25 23:00:00,"{""entry_z"":2,""lookback"":24}",3,"{""entry_z"":2,""lookback"":24}",mean_reversion__XAUUSD__entry_z-2__lookback-24,net_sharpe,-0.8856028446757009,-0.8856028446757009,-0.1812352671004248,-0.22949418966090462,400,False,False,-0.08638761037147025,-1.1327455416405698,-0.1789004450403392,101,False
mean_reversion__XAUUSD__entry_z-2__lookback-24,mean_reversion,XAUUSD,8,2023-06-28 23:00:00,2025-06-25 23:00:00,2025-06-25 23:00:00,2025-12-24 23:00:00,"{""entry_z"":2,""lookback"":24}",3,"{""entry_z"":2,""lookback"":24}",mean_reversion__XAUUSD__entry_z-2__lookback-24,net_sharpe,-1.0767373357301528,-1.0767373357301528,-0.23220604666296984,-0.3504224438095146,391,False,False,-0.06830753237714504,-0.9332350142059086,-0.15490741431999167,100,False
mean_reversion__XAUUSD__entry_z-2__lookback-48,mean_reversion,XAUUSD,1,2020-01-01 23:00:00,2021-12-29 23:00:00,2021-12-29 23:00:00,2022-06-29 23:00:00,"{""entry_z"":2,""lookback"":48}",3,"{""entry_z"":2.0,""lookback"":58}",mean_reversion__XAUUSD__entry_z-2__lookback-58,net_sharpe,-0.5669471820623045,-0.5669471820623045,-0.16704381868758977,-0.30362393939833376,192,False,False,0.02623060299494684,0.4904118335469439,-0.07197246172643845,48,True
mean_reversion__XAUUSD__entry_z-2__lookback-48,mean_reversion,XAUUSD,2,2020-07-01 23:00:00,2022-06-29 23:00:00,2022-06-29 23:00:00,2022-12-28 23:00:00,"{""entry_z"":2,""lookback"":48}",3,"{""entry_z"":2.0,""lookback"":58}",mean_reversion__XAUUSD__entry_z-2__lookback-58,net_sharpe,0.16719690332180043,0.16719690332180043,0.026356289023410584,-0.14157767797180065,195,False,False,-0.05294158266134252,-0.8035469427429588,-0.1093998702684914,42,False
mean_reversion__XAUUSD__entry_z-2__lookback-48,mean_reversion,XAUUSD,3,2020-12-30 23:00:00,2022-12-28 23:00:00,2022-12-28 23:00:00,2023-06-28 23:00:00,"{""entry_z"":2,""lookback"":48}",3,"{""entry_z"":2.0,""lookback"":58}",mean_reversion__XAUUSD__entry_z-2__lookback-58,net_sharpe,0.24068009174245086,0.24068009174245086,0.04396322591822743,-0.11167053512243685,191,False,False,0.08943539862067063,1.6587787560156277,-0.09503968045848743,51,True
mean_reversion__XAUUSD__entry_z-2__lookback-48,mean_reversion,XAUUSD,4,2021-06-30 23:00:00,2023-06-28 23:00:00,2023-06-28 23:00:00,2023-12-27 23:00:00,"{""entry_z"":2,""lookback"":48}",3,"{""entry_z"":2,""lookback"":48}",mean_reversion__XAUUSD__entry_z-2__lookback-48,net_sharpe,0.7380425307004091,0.7380425307004091,0.16954707814882064,-0.09734170783350471,234,False,False,-0.04929290070665637,-1.05809875277913,-0.10803769949936859,61,False
mean_reversion__XAUUSD__entry_z-2__lookback-48,mean_reversion,XAUUSD,5,2021-12-29 23:00:00,2023-12-27 23:00:00,2023-12-27 23:00:00,2024-06-26 23:00:00,"{""entry_z"":2,""lookback"":48}",3,"{""entry_z"":2,""lookback"":48}",mean_reversion__XAUUSD__entry_z-2__lookback-48,net_sharpe,0.3367936481950887,0.3367936481950887,0.06488985402502156,-0.10803769949936848,237,False,False,-0.012109081707620928,-0.15639023231155652,-0.11578120360473987,59,False
mean_reversion__XAUUSD__entry_z-2__lookback-48,mean_reversion,XAUUSD,6,2022-06-29 23:00:00,2024-06-26 23:00:00,2024-06-26 23:00:00,2024-12-25 23:00:00,"{""entry_z"":2,""lookback"":48}",3,"{""entry_z"":2,""lookback"":48}",mean_reversion__XAUUSD__entry_z-2__lookback-48,net_sharpe,0.15564844667077044,0.15564844667077044,0.022344009227482475,-0.14644724333344328,238,False,False,-0.131291861902735,-2.4320790458622987,-0.1498754733215235,52,False
mean_reversion__XAUUSD__entry_z-2__lookback-48,mean_reversion,XAUUSD,7,2022-12-28 23:00:00,2024-12-25 23:00:00,2024-12-25 23:00:00,2025-06-25 23:00:00,"{""entry_z"":2,""lookback"":48}",3,"{""entry_z"":2,""lookback"":48}",mean_reversion__XAUUSD__entry_z-2__lookback-48,net_sharpe,-0.45523136871874187,-0.45523136871874187,-0.10542119483363677,-0.2214288642993596,235,False,False,-0.1472834722761046,-2.1221692334789695,-0.1884203914953384,49,False
mean_reversion__XAUUSD__entry_z-2__lookback-48,mean_reversion,XAUUSD,8,2023-06-28 23:00:00,2025-06-25 23:00:00,2025-06-25 23:00:00,2025-12-24 23:00:00,"{""entry_z"":2,""lookback"":48}",3,"{""entry_z"":2,""lookback"":48}",mean_reversion__XAUUSD__entry_z-2__lookback-48,net_sharpe,-1.3941614210025919,-1.3941614210025919,-0.2900354458748503,-0.35415209388528734,223,False,False,-0.09479042443946595,-1.3418881642595029,-0.16980391718065546,56,False
mean_reversion__XAUUSD__entry_z-2__lookback-96,mean_reversion,XAUUSD,1,2020-01-01 23:00:00,2021-12-29 23:00:00,2021-12-29 23:00:00,2022-06-29 23:00:00,"{""entry_z"":2,""lookback"":96}",3,"{""entry_z"":2.0,""lookback"":77}",mean_reversion__XAUUSD__entry_z-2__lookback-77,net_sharpe,-0.33354468378937807,-0.33354468378937807,-0.11111916980722225,-0.24450034687623867,147,False,False,0.03334636430859339,0.5991062572227269,-0.07898281664064466,36,True
mean_reversion__XAUUSD__entry_z-2__lookback-96,mean_reversion,XAUUSD,2,2020-07-01 23:00:00,2022-06-29 23:00:00,2022-06-29 23:00:00,2022-12-28 23:00:00,"{""entry_z"":2,""lookback"":96}",3,"{""entry_z"":2.0,""lookback"":77}",mean_reversion__XAUUSD__entry_z-2__lookback-77,net_sharpe,0.17150481209039017,0.17150481209039017,0.027729853359180545,-0.13236784599202644,149,False,False,-0.061624264401243245,-0.9774856050042738,-0.08808998468909468,33,False
mean_reversion__XAUUSD__entry_z-2__lookback-96,mean_reversion,XAUUSD,3,2020-12-30 23:00:00,2022-12-28 23:00:00,2022-12-28 23:00:00,2023-06-28 23:00:00,"{""entry_z"":2,""lookback"":96}",3,"{""entry_z"":2,""lookback"":96}",mean_reversion__XAUUSD__entry_z-2__lookback-96,net_sharpe,0.13051633509599608,0.13051633509599608,0.016967444821801125,-0.08326690443290785,119,False,False,0.030059288145313445,0.6068605970917667,-0.08220445667747667,28,True
mean_reversion__XAUUSD__entry_z-2__lookback-96,mean_reversion,XAUUSD,4,2021-06-30 23:00:00,2023-06-28 23:00:00,2023-06-28 23:00:00,2023-12-27 23:00:00,"{""entry_z"":2,""lookback"":96}",3,"{""entry_z"":2.0,""lookback"":77}",mean_reversion__XAUUSD__entry_z-2__lookback-77,net_sharpe,0.2915362320046591,0.2915362320046591,0.05583539102067592,-0.1481601149965618,144,False,False,-0.13095269541197685,-2.8866635556363613,-0.17667753854411117,30,False
mean_reversion__XAUUSD__entry_z-2__lookback-96,mean_reversion,XAUUSD,5,2021-12-29 23:00:00,2023-12-27 23:00:00,2023-12-27 23:00:00,2024-06-26 23:00:00,"{""entry_z"":2,""lookback"":96}",3,"{""entry_z"":2,""lookback"":96}",mean_reversion__XAUUSD__entry_z-2__lookback-96,net_sharpe,-0.40630927882649187,-0.40630927882649187,-0.10019948061953055,-0.17786952254394195,114,False,False,0.04839691244476341,0.9100175766300154,-0.09489588878186805,33,True
mean_reversion__XAUUSD__entry_z-2__lookback-96,mean_reversion,XAUUSD,6,2022-06-29 23:00:00,2024-06-26 23:00:00,2024-06-26 23:00:00,2024-12-25 23:00:00,"{""entry_z"":2,""lookback"":96}",3,"{""entry_z"":2,""lookback"":96}",mean_reversion__XAUUSD__entry_z-2__lookback-96,net_sharpe,-0.22873596189744447,-0.22873596189744447,-0.0611579361157264,-0.17786952254393917,119,False,False,-0.07496216472673489,-1.3529683234813166,-0.1059351851483955,25,False
mean_reversion__XAUUSD__entry_z-2__lookback-96,mean_reversion,XAUUSD,7,2022-12-28 23:00:00,2024-12-25 23:00:00,2024-12-25 23:00:00,2025-06-25 23:00:00,"{""entry_z"":2,""lookback"":96}",3,"{""entry_z"":2,""lookback"":96}",mean_reversion__XAUUSD__entry_z-2__lookback-96,net_sharpe,-0.3774517819069781,-0.3774517819069781,-0.08873666551938286,-0.17786952254393662,113,False,False,-0.1055025814440177,-1.4985285179607284,-0.17259182400801854,25,False
mean_reversion__XAUUSD__entry_z-2__lookback-96,mean_reversion,XAUUSD,8,2023-06-28 23:00:00,2025-06-25 23:00:00,2025-06-25 23:00:00,2025-12-24 23:00:00,"{""entry_z"":2,""lookback"":96}",3,"{""entry_z"":2,""lookback"":96}",mean_reversion__XAUUSD__entry_z-2__lookback-96,net_sharpe,-0.943714164351625,-0.943714164351625,-0.20933197592714614,-0.28903463402142193,110,False,False,-0.17015985099470265,-2.430796233527884,-0.20980682916160942,25,False
trend__ETHUSD__fast_window-12__slow_window-120,trend,ETHUSD,1,2020-01-01 22:00:00,2021-12-29 22:00:00,2021-12-29 22:00:00,2022-06-29 22:00:00,"{""fast_window"":12,""slow_window"":120}",9,"{""fast_window"":10,""slow_window"":144}",trend__ETHUSD__fast_window-10__slow_window-144,net_sharpe,0.7445405095465235,0.7445405095465235,0.6164751259996648,-0.6858342909566069,163,False,False,0.5414867196830433,1.4247158414371939,-0.3516682639771763,33,True
trend__ETHUSD__fast_window-12__slow_window-120,trend,ETHUSD,2,2020-07-01 22:00:00,2022-06-29 22:00:00,2022-06-29 22:00:00,2022-12-28 22:00:00,"{""fast_window"":12,""slow_window"":120}",9,"{""fast_window"":10,""slow_window"":144}",trend__ETHUSD__fast_window-10__slow_window-144,net_sharpe,1.0360327881359408,1.0360327881359408,1.9271932647486976,-0.592798841271538,158,False,False,-0.15550419408063798,-0.09055454174125406,-0.3839598050159396,46,False
trend__ETHUSD__fast_window-12__slow_window-120,trend,ETHUSD,3,2020-12-30 22:00:00,2022-12-28 22:00:00,2022-12-28 22:00:00,2023-06-28 22:00:00,"{""fast_window"":12,""slow_window"":120}",9,"{""fast_window"":10,""slow_window"":144}",trend__ETHUSD__fast_window-10__slow_window-144,net_sharpe,0.5320989141792017,0.5320989141792017,0.12193291750215285,-0.5927988412715381,166,False,False,-0.012853837917312871,0.2006708006837709,-0.3298667958176099,48,False
trend__ETHUSD__fast_window-12__slow_window-120,trend,ETHUSD,4,2021-06-30 22:00:00,2023-06-28 22:00:00,2023-06-28 22:00:00,2023-12-27 22:00:00,"{""fast_window"":12,""slow_window"":120}",9,"{""fast_window"":10,""slow_window"":120}",trend__ETHUSD__fast_window-10__slow_window-120,net_sharpe,0.9796275189666784,0.9796275189666784,1.4627769455027195,-0.384370729871535,198,False,False,-0.1890909410817495,-0.8653403379663465,-0.281061693482622,58,False
trend__ETHUSD__fast_window-12__slow_window-120,trend,ETHUSD,5,2021-12-29 22:00:00,2023-12-27 22:00:00,2023-12-27 22:00:00,2024-06-26 22:00:00,"{""fast_window"":12,""slow_window"":120}",9,"{""fast_window"":10,""slow_window"":120}",trend__ETHUSD__fast_window-10__slow_window-120,net_sharpe,0.5303991567959011,0.5303991567959011,0.30130338672746015,-0.44472881169457656,208,False,False,0.2076137318685365,0.9368939300233257,-0.45563651495453805,55,True
trend__ETHUSD__fast_window-12__slow_window-120,trend,ETHUSD,6,2022-06-29 22:00:00,2024-06-26 22:00:00,2024-06-26 22:00:00,2024-12-25 22:00:00,"{""fast_window"":12,""slow_window"":120}",9,"{""fast_window"":10,""slow_window"":96}",trend__ETHUSD__fast_window-10__slow_window-96,net_sharpe,0.38683125198319324,0.38683125198319324,0.1202957001817877,-0.5658280669084427,234,False,False,0.3778198549462146,1.3192408828731457,-0.4571513882778484,55,True
trend__ETHUSD__fast_window-12__slow_window-120,trend,ETHUSD,7,2022-12-28 22:00:00,2024-12-25 22:00:00,2024-12-25 22:00:00,2025-06-25 22:00:00,"{""fast_window"":12,""slow_window"":120}",9,"{""fast_window"":10,""slow_window"":144}",trend__ETHUSD__fast_window-10__slow_window-144,net_sharpe,0.47747999311154565,0.47747999311154565,0.2494975562416486,-0.5323561992271132,196,False,False,-0.3147688126343722,-0.523772465263185,-0.5390577900147313,52,False
trend__ETHUSD__fast_window-12__slow_window-120,trend,ETHUSD,8,2023-06-28 22:00:00,2025-06-25 22:00:00,2025-06-25 22:00:00,2025-12-24 22:00:00,"{""fast_window"":12,""slow_window"":120}",9,"{""fast_window"":12,""slow_window"":120}",trend__ETHUSD__fast_window-12__slow_window-120,net_sharpe,0.30220618730713295,0.30220618730713295,-0.01846790155346223,-0.5601670255844782,208,False,False,0.1686782546685619,0.8140092356317887,-0.3789354768316504,44,True
trend__ETHUSD__fast_window-12__slow_window-240,trend,ETHUSD,1,2020-01-01 22:00:00,2021-12-29 22:00:00,2021-12-29 22:00:00,2022-06-29 22:00:00,"{""fast_window"":12,""slow_window"":240}",9,"{""fast_window"":14,""slow_window"":288}",trend__ETHUSD__fast_window-14__slow_window-288,net_sharpe,0.9695075066676686,0.9695075066676686,1.5639730482688048,-0.6564273072273679,96,False,False,0.910541525880461,1.9296655418498372,-0.43171338520332314,19,True
trend__ETHUSD__fast_window-12__slow_window-240,trend,ETHUSD,2,2020-07-01 22:00:00,2022-06-29 22:00:00,2022-06-29 22:00:00,2022-12-28 22:00:00,"{""fast_window"":12,""slow_window"":240}",9,"{""fast_window"":10,""slow_window"":240}",trend__ETHUSD__fast_window-10__slow_window-240,net_sharpe,1.3149957405426766,1.3149957405426766,4.048993921546613,-0.599402204949607,109,False,False,0.42211443632056,1.337971475846349,-0.2707368354682408,27,True
trend__ETHUSD__fast_window-12__slow_window-240,trend,ETHUSD,3,2020-12-30 22:00:00,2022-12-28 22:00:00,2022-12-28 22:00:00,2023-06-28 22:00:00,"{""fast_window"":12,""slow_window"":240}",9,"{""fast_window"":10,""slow_window"":288}",trend__ETHUSD__fast_window-10__slow_window-288,net_sharpe,1.187955835760958,1.187955835760958,2.8043359851829512,-0.5254835980884864,88,False,False,-0.33381386066477436,-1.4631200041628671,-0.4261855944376822,31,False
trend__ETHUSD__fast_window-12__slow_window-240,trend,ETHUSD,4,2021-06-30 22:00:00,2023-06-28 22:00:00,2023-06-28 22:00:00,2023-12-27 22:00:00,"{""fast_window"":12,""slow_window"":240}",9,"{""fast_window"":10,""slow_window"":240}",trend__ETHUSD__fast_window-10__slow_window-240,net_sharpe,1.2979625056907755,1.2979625056907755,2.9254996257879635,-0.39557616069344126,102,False,False,-0.3108145374912973,-1.7118480212765657,-0.37252516881958275,46,False
trend__ETHUSD__fast_window-12__slow_window-240,trend,ETHUSD,5,2021-12-29 22:00:00,2023-12-27 22:00:00,2023-12-27 22:00:00,2024-06-26 22:00:00,"{""fast_window"":12,""slow_window"":240}",9,"{""fast_window"":10,""slow_window"":288}",trend__ETHUSD__fast_window-10__slow_window-288,net_sharpe,0.829584500303339,0.829584500303339,0.9332143027518587,-0.48083660442857146,126,False,False,0.2266919963167846,1.0057786323438909,-0.3829778889763049,30,True
trend__ETHUSD__fast_window-12__slow_window-240,trend,ETHUSD,6,2022-06-29 22:00:00,2024-06-26 22:00:00,2024-06-26 22:00:00,2024-12-25 22:00:00,"{""fast_window"":12,""slow_window"":240}",9,"{""fast_window"":10,""slow_window"":288}",trend__ETHUSD__fast_window-10__slow_window-288,net_sharpe,0.4525894400874684,0.4525894400874684,0.21174838101773918,-0.50568318473477,132,False,False,0.4981006979160063,1.6154841552490369,-0.24214523687651712,19,True
trend__ETHUSD__fast_window-12__slow_window-240,trend,ETHUSD,7,2022-12-28 22:00:00,2024-12-25 22:00:00,2024-12-25 22:00:00,2025-06-25 22:00:00,"{""fast_window"":12,""slow_window"":240}",9,"{""fast_window"":10,""slow_window"":288}",trend__ETHUSD__fast_window-10__slow_window-288,net_sharpe,0.35688856382811385,0.35688856382811385,0.09751917224890105,-0.5056831847347699,128,False,False,-0.3151265032185344,-0.5427781470264301,-0.5313141336269627,29,False
trend__ETHUSD__fast_window-12__slow_window-240,trend,ETHUSD,8,2023-06-28 22:00:00,2025-06-25 22:00:00,2025-06-25 22:00:00,2025-12-24 22:00:00,"{""fast_window"":12,""slow_window"":240}",9,"{""fast_window"":10,""slow_window"":288}",trend__ETHUSD__fast_window-10__slow_window-288,net_sharpe,0.49261921827647764,0.49261921827647764,0.24921264233125529,-0.5566625291419403,118,False,False,0.10449607822323359,0.6314177957601089,-0.36699891075164937,30,True
trend__ETHUSD__fast_window-12__slow_window-72,trend,ETHUSD,1,2020-01-01 22:00:00,2021-12-29 22:00:00,2021-12-29 22:00:00,2022-06-29 22:00:00,"{""fast_window"":12,""slow_window"":72}",9,"{""fast_window"":12,""slow_window"":72}",trend__ETHUSD__fast_window-12__slow_window-72,net_sharpe,0.6787313362688059,0.6787313362688059,0.41249485385158224,-0.6249830091356754,210,False,False,0.5614585627632316,1.4505890514887223,-0.37965214535735914,56,True
trend__ETHUSD__fast_window-12__slow_window-72,trend,ETHUSD,2,2020-07-01 22:00:00,2022-06-29 22:00:00,2022-06-29 22:00:00,2022-12-28 22:00:00,"{""fast_window"":12,""slow_window"":72}",9,"{""fast_window"":10,""slow_window"":86}",trend__ETHUSD__fast_window-10__slow_window-86,net_sharpe,1.028118052496834,1.028118052496834,1.8828933295950803,-0.6095950726490204,208,False,False,0.3098847917978682,1.0983647038339819,-0.3941637735184387,54,True
trend__ETHUSD__fast_window-12__slow_window-72,trend,ETHUSD,3,2020-12-30 22:00:00,2022-12-28 22:00:00,2022-12-28 22:00:00,2023-06-28 22:00:00,"{""fast_window"":12,""slow_window"":72}",9,"{""fast_window"":10,""slow_window"":86}",trend__ETHUSD__fast_window-10__slow_window-86,net_sharpe,0.811319120414036,0.811319120414036,0.8942811958284755,-0.6095950726490211,210,False,False,-0.25226770799022613,-0.9031336267845,-0.49607321711748387,74,False
trend__ETHUSD__fast_window-12__slow_window-72,trend,ETHUSD,4,2021-06-30 22:00:00,2023-06-28 22:00:00,2023-06-28 22:00:00,2023-12-27 22:00:00,"{""fast_window"":12,""slow_window"":72}",9,"{""fast_window"":10,""slow_window"":86}",trend__ETHUSD__fast_window-10__slow_window-86,net_sharpe,1.0716198564745596,1.0716198564745596,1.8234943375228414,-0.49607321711748364,228,False,False,-0.1525292959741168,-0.6399549183442308,-0.2745403682119055,67,False
trend__ETHUSD__fast_window-12__slow_window-72,trend,ETHUSD,5,2021-12-29 22:00:00,2023-12-27 22:00:00,2023-12-27 22:00:00,2024-06-26 22:00:00,"{""fast_window"":12,""slow_window"":72}",9,"{""fast_window"":10,""slow_window"":86}",trend__ETHUSD__fast_window-10__slow_window-86,net_sharpe,0.7250837536767838,0.7250837536767838,0.6854144924807122,-0.5273908993716935,243,False,False,0.6030035095880861,1.8952997654023402,-0.401742587019434,55,True
trend__ETHUSD__fast_window-12__slow_window-72,trend,ETHUSD,6,2022-06-29 22:00:00,2024-06-26 22:00:00,2024-06-26 22:00:00,2024-12-25 22:00:00,"{""fast_window"":12,""slow_window"":72}",9,"{""fast_window"":10,""slow_window"":86}",trend__ETHUSD__fast_window-10__slow_window-86,net_sharpe,0.4745507466389529,0.4745507466389529,0.2390698477750708,-0.5756266987514878,252,False,False,0.27157927745965593,1.069489453194946,-0.443906365596473,64,True
trend__ETHUSD__fast_window-12__slow_window-72,trend,ETHUSD,7,2022-12-28 22:00:00,2024-12-25 22:00:00,2024-12-25 22:00:00,2025-06-25 22:00:00,"{""fast_window"":12,""slow_window"":72}",9,"{""fast_window"":14,""slow_window"":58}",trend__ETHUSD__fast_window-14__slow_window-58,net_sharpe,0.4383136789867251,0.4383136789867251,0.19724612772293648,-0.4900456845173059,263,False,False,-0.678468348143161,-2.3718337075537312,-0.7057275165915112,88,False
trend__ETHUSD__fast_window-12__slow_window-72,trend,ETHUSD,8,2023-06-28 22:00:00,2025-06-25 22:00:00,2025-06-25 22:00:00,2025-12-24 22:00:00,"{""fast_window"":12,""slow_window"":72}",9,"{""fast_window"":10,""slow_window"":86}",trend__ETHUSD__fast_window-10__slow_window-86,net_sharpe,0.002993132613722361,0.002993132613722361,-0.3280424610902336,-0.6485816489756773,271,False,False,-0.06603060643845482,0.0927867664380231,-0.4259405389068701,62,False
trend__ETHUSD__fast_window-24__slow_window-120,trend,ETHUSD,1,2020-01-01 22:00:00,2021-12-29 22:00:00,2021-12-29 22:00:00,2022-06-29 22:00:00,"{""fast_window"":24,""slow_window"":120}",9,"{""fast_window"":19,""slow_window"":96}",trend__ETHUSD__fast_window-19__slow_window-96,net_sharpe,0.6707518038799842,0.6707518038799842,0.3892790461186306,-0.6195546751689325,158,False,False,0.6233417628669589,1.5394808882623388,-0.3569482681771178,38,True
trend__ETHUSD__fast_window-24__slow_window-120,trend,ETHUSD,2,2020-07-01 22:00:00,2022-06-29 22:00:00,2022-06-29 22:00:00,2022-12-28 22:00:00,"{""fast_window"":24,""slow_window"":120}",9,"{""fast_window"":19,""slow_window"":96}",trend__ETHUSD__fast_window-19__slow_window-96,net_sharpe,0.9316637937010694,0.9316637937010694,1.3865012305704711,-0.614595760022793,158,False,False,-0.3241798510157725,-0.6846084179370805,-0.5658774360194736,48,False
trend__ETHUSD__fast_window-24__slow_window-120,trend,ETHUSD,3,2020-12-30 22:00:00,2022-12-28 22:00:00,2022-12-28 22:00:00,2023-06-28 22:00:00,"{""fast_window"":24,""slow_window"":120}",9,"{""fast_window"":29,""slow_window"":144}",trend__ETHUSD__fast_window-29__slow_window-144,net_sharpe,0.3997933274313076,0.3997933274313076,-0.12518482072374038,-0.5952160671826155,108,False,False,-0.07722020007950103,-0.06889192900971514,-0.36493423264649427,29,False
trend__ETHUSD__fast_window-24__slow_window-120,trend,ETHUSD,4,2021-06-30 22:00:00,2023-06-28 22:00:00,2023-06-28 22:00:00,2023-12-27 22:00:00,"{""fast_window"":24,""slow_window"":120}",9,"{""fast_window"":24,""slow_window"":144}",trend__ETHUSD__fast_window-24__slow_window-144,net_sharpe,0.8031523842164776,0.8031523842164776,0.8978092070643569,-0.4060967735691947,118,False,False,0.00901923145748551,0.24239314465709808,-0.24535098235263975,32,True
trend__ETHUSD__fast_window-24__slow_window-120,trend,ETHUSD,5,2021-12-29 22:00:00,2023-12-27 22:00:00,2023-12-27 22:00:00,2024-06-26 22:00:00,"{""fast_window"":24,""slow_window"":120}",9,"{""fast_window"":24,""slow_window"":144}",trend__ETHUSD__fast_window-24__slow_window-144,net_sharpe,0.5686491784703244,0.5686491784703244,0.36941475780926436,-0.4060967735691907,122,False,False,0.08530665932667647,0.5729065463305549,-0.4980997694790896,31,True
trend__ETHUSD__fast_window-24__slow_window-120,trend,ETHUSD,6,2022-06-29 22:00:00,2024-06-26 22:00:00,2024-06-26 22:00:00,2024-12-25 22:00:00,"{""fast_window"":24,""slow_window"":120}",9,"{""fast_window"":24,""slow_window"":144}",trend__ETHUSD__fast_window-24__slow_window-144,net_sharpe,0.21870081601869498,0.21870081601869498,-0.07545162016577311,-0.49809976947908896,128,False,False,0.15780348384405607,0.7787321183477961,-0.37478016451945095,33,True
trend__ETHUSD__fast_window-24__slow_window-120,trend,ETHUSD,7,2022-12-28 22:00:00,2024-12-25 22:00:00,2024-12-25 22:00:00,2025-06-25 22:00:00,"{""fast_window"":24,""slow_window"":120}",9,"{""fast_window"":29,""slow_window"":120}",trend__ETHUSD__fast_window-29__slow_window-120,net_sharpe,0.6148790408222612,0.6148790408222612,0.45153022270651166,-0.4558582113273041,138,False,False,-0.2525606683614354,-0.3090622592847175,-0.47381055792971416,34,False
trend__ETHUSD__fast_window-24__slow_window-120,trend,ETHUSD,8,2023-06-28 22:00:00,2025-06-25 22:00:00,2025-06-25 22:00:00,2025-12-24 22:00:00,"{""fast_window"":24,""slow_window"":120}",9,"{""fast_window"":29,""slow_window"":144}",trend__ETHUSD__fast_window-29__slow_window-144,net_sharpe,0.32982502235828787,0.32982502235828787,0.01669246956344117,-0.5688963327453749,117,False,False,0.27949186559014527,1.1074379913721126,-0.2811008458589124,24,True
trend__ETHUSD__fast_window-24__slow_window-240,trend,ETHUSD,1,2020-01-01 22:00:00,2021-12-29 22:00:00,2021-12-29 22:00:00,2022-06-29 22:00:00,"{""fast_window"":24,""slow_window"":240}",9,"{""fast_window"":29,""slow_window"":288}",trend__ETHUSD__fast_window-29__slow_window-288,net_sharpe,1.2694155912691334,1.2694155912691334,3.727395107599877,-0.4531359284563392,62,False,False,0.9864143997368209,2.0196707885078142,-0.4363520999654522,17,True
trend__ETHUSD__fast_window-24__slow_window-240,trend,ETHUSD,2,2020-07-01 22:00:00,2022-06-29 22:00:00,2022-06-29 22:00:00,2022-12-28 22:00:00,"{""fast_window"":24,""slow_window"":240}",9,"{""fast_window"":29,""slow_window"":288}",trend__ETHUSD__fast_window-29__slow_window-288,net_sharpe,1.5401633710994398,1.5401633710994398,6.844094241259733,-0.45313592845633754,61,False,False,-0.027042790959966645,0.27505930258568084,-0.35782138236362604,14,False
trend__ETHUSD__fast_window-24__slow_window-240,trend,ETHUSD,3,2020-12-30 22:00:00,2022-12-28 22:00:00,2022-12-28 22:00:00,2023-06-28 22:00:00,"{""fast_window"":24,""slow_window"":240}",9,"{""fast_window"":29,""slow_window"":288}",trend__ETHUSD__fast_window-29__slow_window-288,net_sharpe,1.18542545078019,1.18542545078019,2.7859409382825455,-0.45313592845633865,58,False,False,-0.31053394192871986,-1.3198184842168943,-0.3885961877598414,19,False
trend__ETHUSD__fast_window-24__slow_window-240,trend,ETHUSD,4,2021-06-30 22:00:00,2023-06-28 22:00:00,2023-06-28 22:00:00,2023-12-27 22:00:00,"{""fast_window"":24,""slow_window"":240}",9,"{""fast_window"":19,""slow_window"":240}",trend__ETHUSD__fast_window-19__slow_window-240,net_sharpe,1.0222024280650102,1.0222024280650102,1.6178894381931923,-0.4381988889714652,88,False,False,-0.15157882045143256,-0.6468113090675979,-0.31430709001518364,35,False
trend__ETHUSD__fast_window-24__slow_window-240,trend,ETHUSD,5,2021-12-29 22:00:00,2023-12-27 22:00:00,2023-12-27 22:00:00,2024-06-26 22:00:00,"{""fast_window"":24,""slow_window"":240}",9,"{""fast_window"":19,""slow_window"":288}",trend__ETHUSD__fast_window-19__slow_window-288,net_sharpe,0.7596859097698632,0.7596859097698632,0.7630848682351208,-0.5028260867119578,86,False,False,0.3023996773182478,1.217882814930026,-0.39151257488114666,20,True
trend__ETHUSD__fast_window-24__slow_window-240,trend,ETHUSD,6,2022-06-29 22:00:00,2024-06-26 22:00:00,2024-06-26 22:00:00,2024-12-25 22:00:00,"{""fast_window"":24,""slow_window"":240}",9,"{""fast_window"":19,""slow_window"":288}",trend__ETHUSD__fast_window-19__slow_window-288,net_sharpe,0.42835395061995346,0.42835395061995346,0.1792884075458323,-0.510241171796933,88,False,False,0.14546695702452617,0.7491640532040522,-0.3375446919554902,15,True
trend__ETHUSD__fast_window-24__slow_window-240,trend,ETHUSD,7,2022-12-28 22:00:00,2024-12-25 22:00:00,2024-12-25 22:00:00,2025-06-25 22:00:00,"{""fast_window"":24,""slow_window"":240}",9,"{""fast_window"":29,""slow_window"":288}",trend__ETHUSD__fast_window-29__slow_window-288,net_sharpe,0.37262956811310066,0.37262956811310066,0.1164590785638211,-0.4393322946197651,72,False,False,-0.2894217913184973,-0.45091090380609683,-0.5026310330637473,25,False
trend__ETHUSD__fast_window-24__slow_window-240,trend,ETHUSD,8,2023-06-28 22:00:00,2025-06-25 22:00:00,2025-06-25 22:00:00,2025-12-24 22:00:00,"{""fast_window"":24,""slow_window"":240}",9,"{""fast_window"":29,""slow_window"":288}",trend__ETHUSD__fast_window-29__slow_window-288,net_sharpe,0.4896681596899968,0.4896681596899968,0.24457860417861244,-0.5442804795522407,72,False,False,0.39702883245129383,1.4074365578085077,-0.25524161057645833,14,True
trend__ETHUSD__fast_window-24__slow_window-72,trend,ETHUSD,1,2020-01-01 22:00:00,2021-12-29 22:00:00,2021-12-29 22:00:00,2022-06-29 22:00:00,"{""fast_window"":24,""slow_window"":72}",9,"{""fast_window"":29,""slow_window"":86}",trend__ETHUSD__fast_window-29__slow_window-86,net_sharpe,0.5017892917569529,0.5017892917569529,-0.017169251159215526,-0.7160694621814548,138,False,False,0.46777617557951,1.310410597214161,-0.3816986619903965,34,True
trend__ETHUSD__fast_window-24__slow_window-72,trend,ETHUSD,2,2020-07-01 22:00:00,2022-06-29 22:00:00,2022-06-29 22:00:00,2022-12-28 22:00:00,"{""fast_window"":24,""slow_window"":72}",9,"{""fast_window"":29,""slow_window"":86}",trend__ETHUSD__fast_window-29__slow_window-86,net_sharpe,0.7278160047496225,0.7278160047496225,0.6011745893388483,-0.6672773641028965,140,False,False,-0.38517403475706613,-0.9350987049931555,-0.6127756160524525,44,False
trend__ETHUSD__fast_window-24__slow_window-72,trend,ETHUSD,3,2020-12-30 22:00:00,2022-12-28 22:00:00,2022-12-28 22:00:00,2023-06-28 22:00:00,"{""fast_window"":24,""slow_window"":72}",9,"{""fast_window"":19,""slow_window"":72}",trend__ETHUSD__fast_window-19__slow_window-72,net_sharpe,0.10868356228372136,0.10868356228372136,-0.499680597863734,-0.6946195268979029,192,False,False,-0.06436547897351796,-0.01191905357055602,-0.378571641153571,52,False
trend__ETHUSD__fast_window-24__slow_window-72,trend,ETHUSD,4,2021-06-30 22:00:00,2023-06-28 22:00:00,2023-06-28 22:00:00,2023-12-27 22:00:00,"{""fast_window"":24,""slow_window"":72}",9,"{""fast_window"":24,""slow_window"":86}",trend__ETHUSD__fast_window-24__slow_window-86,net_sharpe,0.4577397862824808,0.4577397862824808,0.13851230989832564,-0.5574756753775922,164,False,False,-0.31564057956302183,-1.7238785082650734,-0.3474356654007752,49,False
trend__ETHUSD__fast_window-24__slow_window-72,trend,ETHUSD,5,2021-12-29 22:00:00,2023-12-27 22:00:00,2023-12-27 22:00:00,2024-06-26 22:00:00,"{""fast_window"":24,""slow_window"":72}",9,"{""fast_window"":19,""slow_window"":72}",trend__ETHUSD__fast_window-19__slow_window-72,net_sharpe,0.23322347015614361,0.23322347015614361,-0.12396149613720964,-0.5375841854554559,207,False,False,0.6109784726078811,1.9094133142688006,-0.40164998948904984,50,True
trend__ETHUSD__fast_window-24__slow_window-72,trend,ETHUSD,6,2022-06-29 22:00:00,2024-06-26 22:00:00,2024-06-26 22:00:00,2024-12-25 22:00:00,"{""fast_window"":24,""slow_window"":72}",9,"{""fast_window"":19,""slow_window"":72}",trend__ETHUSD__fast_window-19__slow_window-72,net_sharpe,0.3833048576929842,0.3833048576929842,0.11524375865354575,-0.5813902233848453,210,False,False,0.2920259654948252,1.1189913891545085,-0.3843617354524309,60,True
trend__ETHUSD__fast_window-24__slow_window-72,trend,ETHUSD,7,2022-12-28 22:00:00,2024-12-25 22:00:00,2024-12-25 22:00:00,2025-06-25 22:00:00,"{""fast_window"":24,""slow_window"":72}",9,"{""fast_window"":19,""slow_window"":58}",trend__ETHUSD__fast_window-19__slow_window-58,net_sharpe,0.5935501952219816,0.5935501952219816,0.41810351439709326,-0.5196630969191175,231,False,False,-0.6708711306059643,-2.315300207454667,-0.6972252332326712,74,False
trend__ETHUSD__fast_window-24__slow_window-72,trend,ETHUSD,8,2023-06-28 22:00:00,2025-06-25 22:00:00,2025-06-25 22:00:00,2025-12-24 22:00:00,"{""fast_window"":24,""slow_window"":72}",9,"{""fast_window"":24,""slow_window"":86}",trend__ETHUSD__fast_window-24__slow_window-86,net_sharpe,0.3064856149190191,0.3064856149190191,-0.01305612878796214,-0.5026457524870545,177,False,False,0.5443038697544513,1.7092512842438536,-0.2362341975439145,32,True
trend__SPXUSD__fast_window-12__slow_window-120,trend,SPXUSD,1,2020-01-01 23:00:00,2021-12-29 23:00:00,2021-12-29 23:00:00,2022-06-29 23:00:00,"{""fast_window"":12,""slow_window"":120}",9,"{""fast_window"":12,""slow_window"":96}",trend__SPXUSD__fast_window-12__slow_window-96,net_sharpe,0.9348629516765298,0.9348629516765298,0.49226512572559145,-0.13669561240351735,152,False,False,0.06720494414865352,0.6369008152548942,-0.11046280120866536,49,True
trend__SPXUSD__fast_window-12__slow_window-120,trend,SPXUSD,2,2020-07-01 23:00:00,2022-06-29 23:00:00,2022-06-29 23:00:00,2022-12-28 23:00:00,"{""fast_window"":12,""slow_window"":120}",9,"{""fast_window"":12,""slow_window"":96}",trend__SPXUSD__fast_window-12__slow_window-96,net_sharpe,0.4619106227562699,0.4619106227562699,0.14466705741925479,-0.11757879570234298,166,False,False,-0.06648657449214412,-0.49648900775568755,-0.23201174800292812,46,False
trend__SPXUSD__fast_window-12__slow_window-120,trend,SPXUSD,3,2020-12-30 23:00:00,2022-12-28 23:00:00,2022-12-28 23:00:00,2023-06-28 23:00:00,"{""fast_window"":12,""slow_window"":120}",9,"{""fast_window"":10,""slow_window"":96}",trend__SPXUSD__fast_window-10__slow_window-96,net_sharpe,0.3736762579670964,0.3736762579670964,0.11342199269780617,-0.20836081177941135,188,False,False,-0.17192985414169693,-2.5206617298144507,-0.21436532993399637,59,False
trend__SPXUSD__fast_window-12__slow_window-120,trend,SPXUSD,4,2021-06-30 23:00:00,2023-06-28 23:00:00,2023-06-28 23:00:00,2023-12-27 23:00:00,"{""fast_window"":12,""slow_window"":120}",9,"{""fast_window"":12,""slow_window"":144}",trend__SPXUSD__fast_window-12__slow_window-144,net_sharpe,-0.047684813124441616,-0.047684813124441616,-0.056331795391670325,-0.31879963908073494,152,False,False,0.20543417995397895,3.2123970955138113,-0.041084828925577965,24,True
trend__SPXUSD__fast_window-12__slow_window-120,trend,SPXUSD,5,2021-12-29 23:00:00,2023-12-27 23:00:00,2023-12-27 23:00:00,2024-06-26 23:00:00,"{""fast_window"":12,""slow_window"":120}",9,"{""fast_window"":12,""slow_window"":144}",trend__SPXUSD__fast_window-12__slow_window-144,net_sharpe,0.2213856204733689,0.2213856204733689,0.04941001389432853,-0.3187996390807337,146,False,False,-0.08872124689135896,-1.6361798044598097,-0.1293963027962468,40,False
trend__SPXUSD__fast_window-12__slow_window-120,trend,SPXUSD,6,2022-06-29 23:00:00,2024-06-26 23:00:00,2024-06-26 23:00:00,2024-12-25 23:00:00,"{""fast_window"":12,""slow_window"":120}",9,"{""fast_window"":10,""slow_window"":144}",trend__SPXUSD__fast_window-10__slow_window-144,net_sharpe,-0.14439499210242013,-0.14439499210242013,-0.06817044967254149,-0.31115725863733734,163,False,False,0.047547568854064526,0.7931368168580092,-0.049369757933290126,37,True
trend__SPXUSD__fast_window-12__slow_window-120,trend,SPXUSD,7,2022-12-28 23:00:00,2024-12-25 23:00:00,2024-12-25 23:00:00,2025-06-25 23:00:00,"{""fast_window"":12,""slow_window"":120}",9,"{""fast_window"":10,""slow_window"":144}",trend__SPXUSD__fast_window-10__slow_window-144,net_sharpe,0.3102930382072261,0.3102930382072261,0.0642238473016914,-0.1381616079852478,161,False,False,-0.11104776235355629,-0.851524005372688,-0.1881225180661772,46,False
trend__SPXUSD__fast_window-12__slow_window-120,trend,SPXUSD,8,2023-06-28 23:00:00,2025-06-25 23:00:00,2025-06-25 23:00:00,2025-12-24 23:00:00,"{""fast_window"":12,""slow_window"":120}",9,"{""fast_window"":14,""slow_window"":144}",trend__SPXUSD__fast_window-14__slow_window-144,net_sharpe,0.3568006522267908,0.3568006522267908,0.0924463781135223,-0.19034176423207883,128,False,False,-0.036261591171145025,-0.5812780004812287,-0.0671868951542508,33,False
trend__SPXUSD__fast_window-12__slow_window-240,trend,SPXUSD,1,2020-01-01 23:00:00,2021-12-29 23:00:00,2021-12-29 23:00:00,2022-06-29 23:00:00,"{""fast_window"":12,""slow_window"":240}",9,"{""fast_window"":10,""slow_window"":192}",trend__SPXUSD__fast_window-10__slow_window-192,net_sharpe,0.8426671573216289,0.8426671573216289,0.4255863282470034,-0.16074947848752064,129,False,False,0.010210880269412081,0.20752952296356156,-0.1428251707034851,41,True
trend__SPXUSD__fast_window-12__slow_window-240,trend,SPXUSD,2,2020-07-01 23:00:00,2022-06-29 23:00:00,2022-06-29 23:00:00,2022-12-28 23:00:00,"{""fast_window"":12,""slow_window"":240}",9,"{""fast_window"":12,""slow_window"":240}",trend__SPXUSD__fast_window-12__slow_window-240,net_sharpe,0.4139963086073971,0.4139963086073971,0.12393456429680749,-0.18874721757140378,108,False,False,0.001201296632604043,0.12156314938975045,-0.19052003745738455,23,True
trend__SPXUSD__fast_window-12__slow_window-240,trend,SPXUSD,3,2020-12-30 23:00:00,2022-12-28 23:00:00,2022-12-28 23:00:00,2023-06-28 23:00:00,"{""fast_window"":12,""slow_window"":240}",9,"{""fast_window"":10,""slow_window"":192}",trend__SPXUSD__fast_window-10__slow_window-192,net_sharpe,0.1650766412617454,0.1650766412617454,0.02657714381127363,-0.1943694854882294,130,False,False,-0.042815815147548064,-0.5509762894447293,-0.11569697679579893,39,False
trend__SPXUSD__fast_window-12__slow_window-240,trend,SPXUSD,4,2021-06-30 23:00:00,2023-06-28 23:00:00,2023-06-28 23:00:00,2023-12-27 23:00:00,"{""fast_window"":12,""slow_window"":240}",9,"{""fast_window"":10,""slow_window"":192}",trend__SPXUSD__fast_window-10__slow_window-192,net_sharpe,-0.02635030532265743,-0.02635030532265743,-0.048316476168053235,-0.2762377378945051,137,False,False,0.21055611275621477,3.3071956427204774,-0.048501433527177396,17,True
trend__SPXUSD__fast_window-12__slow_window-240,trend,SPXUSD,5,2021-12-29 23:00:00,2023-12-27 23:00:00,2023-12-27 23:00:00,2024-06-26 23:00:00,"{""fast_window"":12,""slow_window"":240}",9,"{""fast_window"":12,""slow_window"":240}",trend__SPXUSD__fast_window-12__slow_window-240,net_sharpe,0.3669888338943927,0.3669888338943927,0.11095787955071934,-0.27317725335709053,112,False,False,-0.0037211038909107375,-0.01469965272641214,-0.09513454207753191,29,False
trend__SPXUSD__fast_window-12__slow_window-240,trend,SPXUSD,6,2022-06-29 23:00:00,2024-06-26 23:00:00,2024-06-26 23:00:00,2024-12-25 23:00:00,"{""fast_window"":12,""slow_window"":240}",9,"{""fast_window"":14,""slow_window"":288}",trend__SPXUSD__fast_window-14__slow_window-288,net_sharpe,0.23104569407872982,0.23104569407872982,0.048769783723531246,-0.25548651783459764,83,False,False,-0.07085575336979721,-1.1032071028870514,-0.10161054510751932,28,False
trend__SPXUSD__fast_window-12__slow_window-240,trend,SPXUSD,7,2022-12-28 23:00:00,2024-12-25 23:00:00,2024-12-25 23:00:00,2025-06-25 23:00:00,"{""fast_window"":12,""slow_window"":240}",9,"{""fast_window"":10,""slow_window"":288}",trend__SPXUSD__fast_window-10__slow_window-288,net_sharpe,0.42657094296752224,0.42657094296752224,0.09518017450569882,-0.1254297139323346,97,False,False,0.03402134720679495,0.40032286756909385,-0.15285261048444743,28,True
trend__SPXUSD__fast_window-12__slow_window-240,trend,SPXUSD,8,2023-06-28 23:00:00,2025-06-25 23:00:00,2025-06-25 23:00:00,2025-12-24 23:00:00,"{""fast_window"":12,""slow_window"":240}",9,"{""fast_window"":14,""slow_window"":288}",trend__SPXUSD__fast_window-14__slow_window-288,net_sharpe,0.6292994942420783,0.6292994942420783,0.19168555373281415,-0.1746985655706873,81,False,False,-0.027846769433238605,-0.4389965884668601,-0.08261052688193227,27,False
trend__SPXUSD__fast_window-12__slow_window-72,trend,SPXUSD,1,2020-01-01 23:00:00,2021-12-29 23:00:00,2021-12-29 23:00:00,2022-06-29 23:00:00,"{""fast_window"":12,""slow_window"":72}",9,"{""fast_window"":12,""slow_window"":86}",trend__SPXUSD__fast_window-12__slow_window-86,net_sharpe,0.7386293292569476,0.7386293292569476,0.35461860038851456,-0.1401674245343415,165,False,False,0.04241882250182205,0.45310294277423174,-0.12138777825984104,50,True
trend__SPXUSD__fast_window-12__slow_window-72,trend,SPXUSD,2,2020-07-01 23:00:00,2022-06-29 23:00:00,2022-06-29 23:00:00,2022-12-28 23:00:00,"{""fast_window"":12,""slow_window"":72}",9,"{""fast_window"":12,""slow_window"":86}",trend__SPXUSD__fast_window-12__slow_window-86,net_sharpe,0.35391938345324725,0.35391938345324725,0.10047316155383523,-0.12138777825984237,178,False,False,-0.04206146585416726,-0.26700096915115507,-0.2467366453914589,55,False
trend__SPXUSD__fast_window-12__slow_window-72,trend,SPXUSD,3,2020-12-30 23:00:00,2022-12-28 23:00:00,2022-12-28 23:00:00,2023-06-28 23:00:00,"{""fast_window"":12,""slow_window"":72}",9,"{""fast_window"":12,""slow_window"":86}",trend__SPXUSD__fast_window-12__slow_window-86,net_sharpe,0.256963583326205,0.256963583326205,0.0639859855815017,-0.24673664539145856,187,False,False,-0.20065567030955944,-2.996121643497095,-0.23494203612856257,59,False
trend__SPXUSD__fast_window-12__slow_window-72,trend,SPXUSD,4,2021-06-30 23:00:00,2023-06-28 23:00:00,2023-06-28 23:00:00,2023-12-27 23:00:00,"{""fast_window"":12,""slow_window"":72}",9,"{""fast_window"":12,""slow_window"":86}",trend__SPXUSD__fast_window-12__slow_window-86,net_sharpe,-0.4751481628756854,-0.4751481628756854,-0.2030785752823394,-0.4372745111456928,209,False,False,0.11560499145461556,1.8942100757923568,-0.04691038474300524,43,True
trend__SPXUSD__fast_window-12__slow_window-72,trend,SPXUSD,5,2021-12-29 23:00:00,2023-12-27 23:00:00,2023-12-27 23:00:00,2024-06-26 23:00:00,"{""fast_window"":12,""slow_window"":72}",9,"{""fast_window"":12,""slow_window"":58}",trend__SPXUSD__fast_window-12__slow_window-58,net_sharpe,-0.28376979051142437,-0.28376979051142437,-0.1398840045841836,-0.368209787017472,257,False,False,0.0007853653570859542,0.07005570741492363,-0.13270302987344418,56,True
trend__SPXUSD__fast_window-12__slow_window-72,trend,SPXUSD,6,2022-06-29 23:00:00,2024-06-26 23:00:00,2024-06-26 23:00:00,2024-12-25 23:00:00,"{""fast_window"":12,""slow_window"":72}",9,"{""fast_window"":12,""slow_window"":58}",trend__SPXUSD__fast_window-12__slow_window-58,net_sharpe,-0.6978510094177032,-0.6978510094177032,-0.21877093822410432,-0.3682097870174724,255,False,False,-0.0266870065404744,-0.3577937238548125,-0.07395921590540278,66,False
trend__SPXUSD__fast_window-12__slow_window-72,trend,SPXUSD,7,2022-12-28 23:00:00,2024-12-25 23:00:00,2024-12-25 23:00:00,2025-06-25 23:00:00,"{""fast_window"":12,""slow_window"":72}",9,"{""fast_window"":10,""slow_window"":58}",trend__SPXUSD__fast_window-10__slow_window-58,net_sharpe,-0.5615949549925185,-0.5615949549925185,-0.14754144489423981,-0.2285057354916319,289,False,False,-0.08614297668463966,-0.6179043249703249,-0.1590852815470034,66,False
trend__SPXUSD__fast_window-12__slow_window-72,trend,SPXUSD,8,2023-06-28 23:00:00,2025-06-25 23:00:00,2025-06-25 23:00:00,2025-12-24 23:00:00,"{""fast_window"":12,""slow_window"":72}",9,"{""fast_window"":10,""slow_window"":72}",trend__SPXUSD__fast_window-10__slow_window-72,net_sharpe,0.05813295883847579,0.05813295883847579,-0.007219871739304051,-0.2005647244232701,257,False,False,-0.016235132206898983,-0.22342343933543166,-0.06910050318529881,51,False
trend__SPXUSD__fast_window-24__slow_window-120,trend,SPXUSD,1,2020-01-01 23:00:00,2021-12-29 23:00:00,2021-12-29 23:00:00,2022-06-29 23:00:00,"{""fast_window"":24,""slow_window"":120}",9,"{""fast_window"":19,""slow_window"":96}",trend__SPXUSD__fast_window-19__slow_window-96,net_sharpe,0.6264686470925046,0.6264686470925046,0.2815429655486612,-0.16116091554766443,140,False,False,0.03841621180572319,0.42312513335916396,-0.13029974780340536,44,True
trend__SPXUSD__fast_window-24__slow_window-120,trend,SPXUSD,2,2020-07-01 23:00:00,2022-06-29 23:00:00,2022-06-29 23:00:00,2022-12-28 23:00:00,"{""fast_window"":24,""slow_window"":120}",9,"{""fast_window"":24,""slow_window"":96}",trend__SPXUSD__fast_window-24__slow_window-96,net_sharpe,0.20182431683149732,0.20182431683149732,0.04104488376737869,-0.16295352066235036,124,False,False,-0.11182186269594996,-0.9381345668937546,-0.24761551370357204,38,False
trend__SPXUSD__fast_window-24__slow_window-120,trend,SPXUSD,3,2020-12-30 23:00:00,2022-12-28 23:00:00,2022-12-28 23:00:00,2023-06-28 23:00:00,"{""fast_window"":24,""slow_window"":120}",9,"{""fast_window"":24,""slow_window"":144}",trend__SPXUSD__fast_window-24__slow_window-144,net_sharpe,-0.12674712670481605,-0.12674712670481605,-0.08358766094980774,-0.24659368296479656,110,False,False,-0.03148665513560256,-0.37947141951146995,-0.12055514426225988,25,False
trend__SPXUSD__fast_window-24__slow_window-120,trend,SPXUSD,4,2021-06-30 23:00:00,2023-06-28 23:00:00,2023-06-28 23:00:00,2023-12-27 23:00:00,"{""fast_window"":24,""slow_window"":120}",9,"{""fast_window"":19,""slow_window"":144}",trend__SPXUSD__fast_window-19__slow_window-144,net_sharpe,-0.23470027010979067,-0.23470027010979067,-0.12352335316525698,-0.3218494592554383,116,False,False,0.17054340647710542,2.714524737312311,-0.06580687697595011,18,True
trend__SPXUSD__fast_window-24__slow_window-120,trend,SPXUSD,5,2021-12-29 23:00:00,2023-12-27 23:00:00,2023-12-27 23:00:00,2024-06-26 23:00:00,"{""fast_window"":24,""slow_window"":120}",9,"{""fast_window"":29,""slow_window"":120}",trend__SPXUSD__fast_window-29__slow_window-120,net_sharpe,0.3059475631975543,0.3059475631975543,0.08490743497895137,-0.30703450323585324,104,False,False,-0.10249570606231817,-1.9014146376657115,-0.153053334806027,32,False
trend__SPXUSD__fast_window-24__slow_window-120,trend,SPXUSD,6,2022-06-29 23:00:00,2024-06-26 23:00:00,2024-06-26 23:00:00,2024-12-25 23:00:00,"{""fast_window"":24,""slow_window"":120}",9,"{""fast_window"":29,""slow_window"":120}",trend__SPXUSD__fast_window-29__slow_window-120,net_sharpe,-0.13056529860201885,-0.13056529860201885,-0.06415659124552175,-0.3070345032358549,107,False,False,0.018001970104931653,0.34423957708756975,-0.06836578828668716,27,True
trend__SPXUSD__fast_window-24__slow_window-120,trend,SPXUSD,7,2022-12-28 23:00:00,2024-12-25 23:00:00,2024-12-25 23:00:00,2025-06-25 23:00:00,"{""fast_window"":24,""slow_window"":120}",9,"{""fast_window"":24,""slow_window"":144}",trend__SPXUSD__fast_window-24__slow_window-144,net_sharpe,0.40518688140831505,0.40518688140831505,0.08998903542332282,-0.1273666218522519,101,False,False,-0.03080747817540619,-0.13679245318664354,-0.16106625881845005,26,False
trend__SPXUSD__fast_window-24__slow_window-120,trend,SPXUSD,8,2023-06-28 23:00:00,2025-06-25 23:00:00,2025-06-25 23:00:00,2025-12-24 23:00:00,"{""fast_window"":24,""slow_window"":120}",9,"{""fast_window"":29,""slow_window"":120}",trend__SPXUSD__fast_window-29__slow_window-120,net_sharpe,0.3748164074224298,0.3748164074224298,0.09880657372677515,-0.1788362460893913,103,False,False,-0.021133022727902295,-0.31067808076493,-0.05864587659553844,25,False
trend__SPXUSD__fast_window-24__slow_window-240,trend,SPXUSD,1,2020-01-01 23:00:00,2021-12-29 23:00:00,2021-12-29 23:00:00,2022-06-29 23:00:00,"{""fast_window"":24,""slow_window"":240}",9,"{""fast_window"":19,""slow_window"":192}",trend__SPXUSD__fast_window-19__slow_window-192,net_sharpe,0.616175401516414,0.616175401516414,0.27489852709035323,-0.21105438202602966,91,False,False,0.08709698767454555,0.7855690008061368,-0.09793395412779005,25,True
trend__SPXUSD__fast_window-24__slow_window-240,trend,SPXUSD,2,2020-07-01 23:00:00,2022-06-29 23:00:00,2022-06-29 23:00:00,2022-12-28 23:00:00,"{""fast_window"":24,""slow_window"":240}",9,"{""fast_window"":19,""slow_window"":192}",trend__SPXUSD__fast_window-19__slow_window-192,net_sharpe,0.5018948740000795,0.5018948740000795,0.16062580497834467,-0.14678939816691872,98,False,False,-0.06127103770479958,-0.45433788133198283,-0.23004982243783767,25,False
trend__SPXUSD__fast_window-24__slow_window-240,trend,SPXUSD,3,2020-12-30 23:00:00,2022-12-28 23:00:00,2022-12-28 23:00:00,2023-06-28 23:00:00,"{""fast_window"":24,""slow_window"":240}",9,"{""fast_window"":19,""slow_window"":192}",trend__SPXUSD__fast_window-19__slow_window-192,net_sharpe,-0.05510491624617949,-0.05510491624617949,-0.05763368221703069,-0.2300498224378379,102,False,False,-0.08433517631280352,-1.1804907925658361,-0.15128323457794934,37,False
trend__SPXUSD__fast_window-24__slow_window-240,trend,SPXUSD,4,2021-06-30 23:00:00,2023-06-28 23:00:00,2023-06-28 23:00:00,2023-12-27 23:00:00,"{""fast_window"":24,""slow_window"":240}",9,"{""fast_window"":19,""slow_window"":192}",trend__SPXUSD__fast_window-19__slow_window-192,net_sharpe,-0.34896451060851286,-0.34896451060851286,-0.16212182896668947,-0.3413041279400545,113,False,False,0.15584671950033946,2.51985169644024,-0.07886745640807047,16,True
trend__SPXUSD__fast_window-24__slow_window-240,trend,SPXUSD,5,2021-12-29 23:00:00,2023-12-27 23:00:00,2023-12-27 23:00:00,2024-06-26 23:00:00,"{""fast_window"":24,""slow_window"":240}",9,"{""fast_window"":19,""slow_window"":288}",trend__SPXUSD__fast_window-19__slow_window-288,net_sharpe,0.07029596465313116,0.07029596465313116,-0.01078692151416405,-0.27259093586300975,90,False,False,0.027610244214786084,0.5604800169325416,-0.09474415183828921,19,True
trend__SPXUSD__fast_window-24__slow_window-240,trend,SPXUSD,6,2022-06-29 23:00:00,2024-06-26 23:00:00,2024-06-26 23:00:00,2024-12-25 23:00:00,"{""fast_window"":24,""slow_window"":240}",9,"{""fast_window"":19,""slow_window"":288}",trend__SPXUSD__fast_window-19__slow_window-288,net_sharpe,0.09016193942097052,0.09016193942097052,0.0037358152818649515,-0.27259093586300553,79,False,False,-0.08193212606893008,-1.2933401467870649,-0.09824000909345332,22,False
trend__SPXUSD__fast_window-24__slow_window-240,trend,SPXUSD,7,2022-12-28 23:00:00,2024-12-25 23:00:00,2024-12-25 23:00:00,2025-06-25 23:00:00,"{""fast_window"":24,""slow_window"":240}",9,"{""fast_window"":24,""slow_window"":240}",trend__SPXUSD__fast_window-24__slow_window-240,net_sharpe,0.12379275170846055,0.12379275170846055,0.015353750515516129,-0.15684212069566372,74,False,False,0.048025634943723805,0.5117231467593535,-0.1631982461875352,14,True
trend__SPXUSD__fast_window-24__slow_window-240,trend,SPXUSD,8,2023-06-28 23:00:00,2025-06-25 23:00:00,2025-06-25 23:00:00,2025-12-24 23:00:00,"{""fast_window"":24,""slow_window"":240}",9,"{""fast_window"":24,""slow_window"":240}",trend__SPXUSD__fast_window-24__slow_window-240,net_sharpe,0.4996636495900432,0.4996636495900432,0.14336293315738713,-0.1772454679315899,65,False,False,-0.03999232586673063,-0.655034315853991,-0.0864798693219897,19,False
trend__SPXUSD__fast_window-24__slow_window-72,trend,SPXUSD,1,2020-01-01 23:00:00,2021-12-29 23:00:00,2021-12-29 23:00:00,2022-06-29 23:00:00,"{""fast_window"":24,""slow_window"":72}",9,"{""fast_window"":24,""slow_window"":72}",trend__SPXUSD__fast_window-24__slow_window-72,net_sharpe,0.7509210205786773,0.7509210205786773,0.3628783337477637,-0.1460933050702543,150,False,False,0.0012876783840181094,0.1386722203651007,-0.17279457553863153,48,True
trend__SPXUSD__fast_window-24__slow_window-72,trend,SPXUSD,2,2020-07-01 23:00:00,2022-06-29 23:00:00,2022-06-29 23:00:00,2022-12-28 23:00:00,"{""fast_window"":24,""slow_window"":72}",9,"{""fast_window"":29,""slow_window"":86}",trend__SPXUSD__fast_window-29__slow_window-86,net_sharpe,0.21601194752251496,0.21601194752251496,0.046451388217533696,-0.1605315613049083,122,False,False,-0.13918381423480175,-1.2137258770246702,-0.26423894606098897,38,False
trend__SPXUSD__fast_window-24__slow_window-72,trend,SPXUSD,3,2020-12-30 23:00:00,2022-12-28 23:00:00,2022-12-28 23:00:00,2023-06-28 23:00:00,"{""fast_window"":24,""slow_window"":72}",9,"{""fast_window"":24,""slow_window"":58}",trend__SPXUSD__fast_window-24__slow_window-58,net_sharpe,0.011222388517859352,0.011222388517859352,-0.03331403490243323,-0.2428956604804018,175,False,False,-0.1874666884514078,-2.7458491658871447,-0.22583535605853577,55,False
trend__SPXUSD__fast_window-24__slow_window-72,trend,SPXUSD,4,2021-06-30 23:00:00,2023-06-28 23:00:00,2023-06-28 23:00:00,2023-12-27 23:00:00,"{""fast_window"":24,""slow_window"":72}",9,"{""fast_window"":29,""slow_window"":86}",trend__SPXUSD__fast_window-29__slow_window-86,net_sharpe,-0.37780712048652226,-0.37780712048652226,-0.1718083744241088,-0.3438836719768624,143,False,False,0.11314894239441164,1.8571476960375175,-0.04266019263234366,33,True
trend__SPXUSD__fast_window-24__slow_window-72,trend,SPXUSD,5,2021-12-29 23:00:00,2023-12-27 23:00:00,2023-12-27 23:00:00,2024-06-26 23:00:00,"{""fast_window"":24,""slow_window"":72}",9,"{""fast_window"":29,""slow_window"":86}",trend__SPXUSD__fast_window-29__slow_window-86,net_sharpe,-0.1549846279841722,-0.1549846279841722,-0.09507878500526157,-0.34388367197686276,149,False,False,-0.10596351764818002,-1.964571791315503,-0.1535211943403897,40,False
trend__SPXUSD__fast_window-24__slow_window-72,trend,SPXUSD,6,2022-06-29 23:00:00,2024-06-26 23:00:00,2024-06-26 23:00:00,2024-12-25 23:00:00,"{""fast_window"":24,""slow_window"":72}",9,"{""fast_window"":29,""slow_window"":86}",trend__SPXUSD__fast_window-29__slow_window-86,net_sharpe,-0.6375053031476152,-0.6375053031476152,-0.20306037783256703,-0.34388367197686587,151,False,False,0.059314207495448246,0.9666435739593702,-0.052458335572134085,36,True
trend__SPXUSD__fast_window-24__slow_window-72,trend,SPXUSD,7,2022-12-28 23:00:00,2024-12-25 23:00:00,2024-12-25 23:00:00,2025-06-25 23:00:00,"{""fast_window"":24,""slow_window"":72}",9,"{""fast_window"":29,""slow_window"":86}",trend__SPXUSD__fast_window-29__slow_window-86,net_sharpe,0.13724086981507802,0.13724086981507802,0.018823966504744938,-0.15352119434039535,145,False,False,-0.033689284709100265,-0.15976244358868003,-0.18214239741516558,28,False
trend__SPXUSD__fast_window-24__slow_window-72,trend,SPXUSD,8,2023-06-28 23:00:00,2025-06-25 23:00:00,2025-06-25 23:00:00,2025-12-24 23:00:00,"{""fast_window"":24,""slow_window"":72}",9,"{""fast_window"":29,""slow_window"":86}",trend__SPXUSD__fast_window-29__slow_window-86,net_sharpe,0.12958834368596364,0.12958834368596364,0.01576181357331463,-0.18214239741516625,139,False,False,-0.03617642780804964,-0.5765681309012503,-0.0860311942395332,31,False
trend__USDJPY__fast_window-12__slow_window-120,trend,USDJPY,1,2020-01-01 22:00:00,2021-12-29 22:00:00,2021-12-29 22:00:00,2022-06-29 22:00:00,"{""fast_window"":12,""slow_window"":120}",9,"{""fast_window"":14,""slow_window"":96}",trend__USDJPY__fast_window-14__slow_window-96,net_sharpe,0.3663100894903697,0.3663100894903697,0.0474226736715011,-0.1298779662701276,207,False,False,0.09288686475072461,2.0743031872991518,-0.04987855196240476,35,True
trend__USDJPY__fast_window-12__slow_window-120,trend,USDJPY,2,2020-07-01 22:00:00,2022-06-29 22:00:00,2022-06-29 22:00:00,2022-12-28 22:00:00,"{""fast_window"":12,""slow_window"":120}",9,"{""fast_window"":10,""slow_window"":96}",trend__USDJPY__fast_window-10__slow_window-96,net_sharpe,0.687170360931575,0.687170360931575,0.08939073054441726,-0.09666933803231748,223,False,False,-0.08264213835271239,-1.1867280235045738,-0.13279260885938604,56,False
trend__USDJPY__fast_window-12__slow_window-120,trend,USDJPY,3,2020-12-30 22:00:00,2022-12-28 22:00:00,2022-12-28 22:00:00,2023-06-28 22:00:00,"{""fast_window"":12,""slow_window"":120}",9,"{""fast_window"":10,""slow_window"":96}",trend__USDJPY__fast_window-10__slow_window-96,net_sharpe,0.47317257050562916,0.47317257050562916,0.08064167420247514,-0.13279260885938904,207,False,False,-0.13951574753037488,-2.581574234705261,-0.17647613561168718,64,False
trend__USDJPY__fast_window-12__slow_window-120,trend,USDJPY,4,2021-06-30 22:00:00,2023-06-28 22:00:00,2023-06-28 22:00:00,2023-12-27 22:00:00,"{""fast_window"":12,""slow_window"":120}",9,"{""fast_window"":14,""slow_window"":96}",trend__USDJPY__fast_window-14__slow_window-96,net_sharpe,-0.31953227935276735,-0.31953227935276735,-0.0746828039927463,-0.2296179732902408,186,False,False,0.026191947836033513,0.6527008794834901,-0.04789648942986602,43,True
trend__USDJPY__fast_window-12__slow_window-120,trend,USDJPY,5,2021-12-29 22:00:00,2023-12-27 22:00:00,2023-12-27 22:00:00,2024-06-26 22:00:00,"{""fast_window"":12,""slow_window"":120}",9,"{""fast_window"":14,""slow_window"":96}",trend__USDJPY__fast_window-14__slow_window-96,net_sharpe,-0.2600684007051002,-0.2600684007051002,-0.06633927406423057,-0.22961797329023603,182,False,False,0.02247108837322198,0.5754372570755095,-0.06247949858126878,39,True
trend__USDJPY__fast_window-12__slow_window-120,trend,USDJPY,6,2022-06-29 22:00:00,2024-06-26 22:00:00,2024-06-26 22:00:00,2024-12-25 22:00:00,"{""fast_window"":12,""slow_window"":120}",9,"{""fast_window"":14,""slow_window"":96}",trend__USDJPY__fast_window-14__slow_window-96,net_sharpe,-0.4854294097135102,-0.4854294097135102,-0.11036578341876946,-0.22680416232932943,187,False,False,0.10316798070331323,1.6721204904290925,-0.06307212215690272,33,True
trend__USDJPY__fast_window-12__slow_window-120,trend,USDJPY,7,2022-12-28 22:00:00,2024-12-25 22:00:00,2024-12-25 22:00:00,2025-06-25 22:00:00,"{""fast_window"":12,""slow_window"":120}",9,"{""fast_window"":14,""slow_window"":144}",trend__USDJPY__fast_window-14__slow_window-144,net_sharpe,0.36593693936151467,0.36593693936151467,0.06658321868839545,-0.11426075546419012,141,False,False,-0.010740131244232787,-0.14480469377624605,-0.045806995650715776,39,False
trend__USDJPY__fast_window-12__slow_window-120,trend,USDJPY,8,2023-06-28 22:00:00,2025-06-25 22:00:00,2025-06-25 22:00:00,2025-12-24 22:00:00,"{""fast_window"":12,""slow_window"":120}",9,"{""fast_window"":14,""slow_window"":96}",trend__USDJPY__fast_window-14__slow_window-96,net_sharpe,0.7810642201376935,0.7810642201376935,0.1602999497033537,-0.06307212215690039,165,False,False,-0.013808169673211412,-0.31697765048046106,-0.09122622085675436,43,False
trend__USDJPY__fast_window-12__slow_window-240,trend,USDJPY,1,2020-01-01 22:00:00,2021-12-29 22:00:00,2021-12-29 22:00:00,2022-06-29 22:00:00,"{""fast_window"":12,""slow_window"":240}",9,"{""fast_window"":10,""slow_window"":192}",trend__USDJPY__fast_window-10__slow_window-192,net_sharpe,-0.1307287907523243,-0.1307287907523243,-0.022819591716971455,-0.1395030529799658,187,False,False,0.1405149913143815,3.0677828736074217,-0.03699301291662671,26,True
trend__USDJPY__fast_window-12__slow_window-240,trend,USDJPY,2,2020-07-01 22:00:00,2022-06-29 22:00:00,2022-06-29 22:00:00,2022-12-28 22:00:00,"{""fast_window"":12,""slow_window"":240}",9,"{""fast_window"":12,""slow_window"":288}",trend__USDJPY__fast_window-12__slow_window-288,net_sharpe,0.260522628648301,0.260522628648301,0.03016352484525875,-0.13154393565951583,126,False,False,-0.02718277718921036,-0.3384114558858874,-0.11862349960575569,20,False
trend__USDJPY__fast_window-12__slow_window-240,trend,USDJPY,3,2020-12-30 22:00:00,2022-12-28 22:00:00,2022-12-28 22:00:00,2023-06-28 22:00:00,"{""fast_window"":12,""slow_window"":240}",9,"{""fast_window"":14,""slow_window"":288}",trend__USDJPY__fast_window-14__slow_window-288,net_sharpe,0.5516596607932045,0.5516596607932045,0.09587140082886081,-0.11260502606954914,102,False,False,0.00458345381601899,0.13980203793599758,-0.06622985292741612,22,True
trend__USDJPY__fast_window-12__slow_window-240,trend,USDJPY,4,2021-06-30 22:00:00,2023-06-28 22:00:00,2023-06-28 22:00:00,2023-12-27 22:00:00,"{""fast_window"":12,""slow_window"":240}",9,"{""fast_window"":14,""slow_window"":288}",trend__USDJPY__fast_window-14__slow_window-288,net_sharpe,0.5302068561692721,0.5302068561692721,0.10459245460607458,-0.14749864146617342,106,False,False,0.018930606928493132,0.503334715371059,-0.0540134479001132,21,True
trend__USDJPY__fast_window-12__slow_window-240,trend,USDJPY,5,2021-12-29 22:00:00,2023-12-27 22:00:00,2023-12-27 22:00:00,2024-06-26 22:00:00,"{""fast_window"":12,""slow_window"":240}",9,"{""fast_window"":14,""slow_window"":288}",trend__USDJPY__fast_window-14__slow_window-288,net_sharpe,0.9156415036631376,0.9156415036631376,0.2059744575996869,-0.14749864146617087,83,False,False,0.0411158972555401,1.0562116153600873,-0.05334783471508875,15,True
trend__USDJPY__fast_window-12__slow_window-240,trend,USDJPY,6,2022-06-29 22:00:00,2024-06-26 22:00:00,2024-06-26 22:00:00,2024-12-25 22:00:00,"{""fast_window"":12,""slow_window"":240}",9,"{""fast_window"":14,""slow_window"":288}",trend__USDJPY__fast_window-14__slow_window-288,net_sharpe,0.5201930295038488,0.5201930295038488,0.10559964811601574,-0.1474986414661712,79,False,False,0.14193001727410293,2.312837928957271,-0.059303277318309755,16,True
trend__USDJPY__fast_window-12__slow_window-240,trend,USDJPY,7,2022-12-28 22:00:00,2024-12-25 22:00:00,2024-12-25 22:00:00,2025-06-25 22:00:00,"{""fast_window"":12,""slow_window"":240}",9,"{""fast_window"":14,""slow_window"":288}",trend__USDJPY__fast_window-14__slow_window-288,net_sharpe,1.1030983587653969,1.1030983587653969,0.23604341554585284,-0.06622985292741612,74,False,False,-0.03965360871252244,-0.706090225508059,-0.07338827874268783,32,False
trend__USDJPY__fast_window-12__slow_window-240,trend,USDJPY,8,2023-06-28 22:00:00,2025-06-25 22:00:00,2025-06-25 22:00:00,2025-12-24 22:00:00,"{""fast_window"":12,""slow_window"":240}",9,"{""fast_window"":12,""slow_window"":288}",trend__USDJPY__fast_window-12__slow_window-288,net_sharpe,0.7582175515133797,0.7582175515133797,0.15368477175172401,-0.058116309256820764,92,False,False,-0.10050617165846842,-2.7701276737334344,-0.12137636725219436,40,False
trend__USDJPY__fast_window-12__slow_window-72,trend,USDJPY,1,2020-01-01 22:00:00,2021-12-29 22:00:00,2021-12-29 22:00:00,2022-06-29 22:00:00,"{""fast_window"":12,""slow_window"":72}",9,"{""fast_window"":12,""slow_window"":58}",trend__USDJPY__fast_window-12__slow_window-58,net_sharpe,0.2596764981908448,0.2596764981908448,0.03194161648563276,-0.14714321973695865,266,False,False,0.16866321079890456,3.5996731086373885,-0.0341219525107791,51,True
trend__USDJPY__fast_window-12__slow_window-72,trend,USDJPY,2,2020-07-01 22:00:00,2022-06-29 22:00:00,2022-06-29 22:00:00,2022-12-28 22:00:00,"{""fast_window"":12,""slow_window"":72}",9,"{""fast_window"":12,""slow_window"":58}",trend__USDJPY__fast_window-12__slow_window-58,net_sharpe,1.1725815857954314,1.1725815857954314,0.16095022079197618,-0.08764813997213827,235,False,False,-0.09500740589943302,-1.381019055217146,-0.16249363924495197,70,False
trend__USDJPY__fast_window-12__slow_window-72,trend,USDJPY,3,2020-12-30 22:00:00,2022-12-28 22:00:00,2022-12-28 22:00:00,2023-06-28 22:00:00,"{""fast_window"":12,""slow_window"":72}",9,"{""fast_window"":10,""slow_window"":58}",trend__USDJPY__fast_window-10__slow_window-58,net_sharpe,0.7772686908576097,0.7772686908576097,0.1420071067077313,-0.1400855348528669,258,False,False,-0.08314927139111217,-1.4538101684732312,-0.12690521997880988,80,False
trend__USDJPY__fast_window-12__slow_window-72,trend,USDJPY,4,2021-06-30 22:00:00,2023-06-28 22:00:00,2023-06-28 22:00:00,2023-12-27 22:00:00,"{""fast_window"":12,""slow_window"":72}",9,"{""fast_window"":10,""slow_window"":58}",trend__USDJPY__fast_window-10__slow_window-58,net_sharpe,0.21254189154456243,0.21254189154456243,0.033968988102252684,-0.21772484479487775,268,False,False,0.02248104716060073,0.5659878286551189,-0.04560138244891243,64,True
trend__USDJPY__fast_window-12__slow_window-72,trend,USDJPY,5,2021-12-29 22:00:00,2023-12-27 22:00:00,2023-12-27 22:00:00,2024-06-26 22:00:00,"{""fast_window"":12,""slow_window"":72}",9,"{""fast_window"":10,""slow_window"":58}",trend__USDJPY__fast_window-10__slow_window-58,net_sharpe,0.14637154574745775,0.14637154574745775,0.020168176553832184,-0.2177248447948803,268,False,False,-0.02057182979592198,-0.45296257768180004,-0.07504473215329055,73,False
trend__USDJPY__fast_window-12__slow_window-72,trend,USDJPY,6,2022-06-29 22:00:00,2024-06-26 22:00:00,2024-06-26 22:00:00,2024-12-25 22:00:00,"{""fast_window"":12,""slow_window"":72}",9,"{""fast_window"":10,""slow_window"":58}",trend__USDJPY__fast_window-10__slow_window-58,net_sharpe,-0.7036074677192068,-0.7036074677192068,-0.15151391523877478,-0.2194350156445375,290,False,False,0.04026307257616457,0.7084881297466304,-0.06802487060002338,71,True
trend__USDJPY__fast_window-12__slow_window-72,trend,USDJPY,7,2022-12-28 22:00:00,2024-12-25 22:00:00,2024-12-25 22:00:00,2025-06-25 22:00:00,"{""fast_window"":12,""slow_window"":72}",9,"{""fast_window"":14,""slow_window"":58}",trend__USDJPY__fast_window-14__slow_window-58,net_sharpe,-0.0370589807572658,-0.0370589807572658,-0.018234204009442756,-0.1335661324044094,248,False,False,-0.026325639710881088,-0.4325568897989089,-0.06732887401099596,60,False
trend__USDJPY__fast_window-12__slow_window-72,trend,USDJPY,8,2023-06-28 22:00:00,2025-06-25 22:00:00,2025-06-25 22:00:00,2025-12-24 22:00:00,"{""fast_window"":12,""slow_window"":72}",9,"{""fast_window"":14,""slow_window"":86}",trend__USDJPY__fast_window-14__slow_window-86,net_sharpe,0.39246724200700683,0.39246724200700683,0.07199976998740931,-0.08394524849844887,185,False,False,-0.011130393270254557,-0.24597346765250938,-0.08165530672234944,45,False
trend__USDJPY__fast_window-24__slow_window-120,trend,USDJPY,1,2020-01-01 22:00:00,2021-12-29 22:00:00,2021-12-29 22:00:00,2022-06-29 22:00:00,"{""fast_window"":24,""slow_window"":120}",9,"{""fast_window"":24,""slow_window"":96}",trend__USDJPY__fast_window-24__slow_window-96,net_sharpe,0.18723554170138923,0.18723554170138923,0.021510778789456397,-0.1222132467651772,171,False,False,0.08055985457778791,1.8148747984127038,-0.048689293259865596,35,True
trend__USDJPY__fast_window-24__slow_window-120,trend,USDJPY,2,2020-07-01 22:00:00,2022-06-29 22:00:00,2022-06-29 22:00:00,2022-12-28 22:00:00,"{""fast_window"":24,""slow_window"":120}",9,"{""fast_window"":29,""slow_window"":96}",trend__USDJPY__fast_window-29__slow_window-96,net_sharpe,0.19320538049651745,0.19320538049651745,0.02120561982320268,-0.09307088333751645,139,False,False,-0.07552302964599067,-1.0739021281426697,-0.12293867467646735,34,False
trend__USDJPY__fast_window-24__slow_window-120,trend,USDJPY,3,2020-12-30 22:00:00,2022-12-28 22:00:00,2022-12-28 22:00:00,2023-06-28 22:00:00,"{""fast_window"":24,""slow_window"":120}",9,"{""fast_window"":29,""slow_window"":96}",trend__USDJPY__fast_window-29__slow_window-96,net_sharpe,-0.024971655029971535,-0.024971655029971535,-0.012725065064558283,-0.13778679680222694,138,False,False,-0.028916829104128183,-0.4579959710874577,-0.07897383118073587,40,False
trend__USDJPY__fast_window-24__slow_window-120,trend,USDJPY,4,2021-06-30 22:00:00,2023-06-28 22:00:00,2023-06-28 22:00:00,2023-12-27 22:00:00,"{""fast_window"":24,""slow_window"":120}",9,"{""fast_window"":29,""slow_window"":96}",trend__USDJPY__fast_window-29__slow_window-96,net_sharpe,-0.32975402768970996,-0.32975402768970996,-0.07666627220217304,-0.18692401804686154,146,False,False,0.0340248192236241,0.832582540361926,-0.04848758709871337,35,True
trend__USDJPY__fast_window-24__slow_window-120,trend,USDJPY,5,2021-12-29 22:00:00,2023-12-27 22:00:00,2023-12-27 22:00:00,2024-06-26 22:00:00,"{""fast_window"":24,""slow_window"":120}",9,"{""fast_window"":29,""slow_window"":96}",trend__USDJPY__fast_window-29__slow_window-96,net_sharpe,-0.00997965411064797,-0.00997965411064797,-0.014024556279429667,-0.186924018046859,136,False,False,0.06685955909654351,1.597332114497101,-0.04346173701923861,29,True
trend__USDJPY__fast_window-24__slow_window-120,trend,USDJPY,6,2022-06-29 22:00:00,2024-06-26 22:00:00,2024-06-26 22:00:00,2024-12-25 22:00:00,"{""fast_window"":24,""slow_window"":120}",9,"{""fast_window"":29,""slow_window"":96}",trend__USDJPY__fast_window-29__slow_window-96,net_sharpe,0.01743358667994603,0.01743358667994603,-0.007987307585504033,-0.17292208507623597,136,False,False,0.10583751421284782,1.711962774185999,-0.07950285025801629,27,True
trend__USDJPY__fast_window-24__slow_window-120,trend,USDJPY,7,2022-12-28 22:00:00,2024-12-25 22:00:00,2024-12-25 22:00:00,2025-06-25 22:00:00,"{""fast_window"":24,""slow_window"":120}",9,"{""fast_window"":29,""slow_window"":96}",trend__USDJPY__fast_window-29__slow_window-96,net_sharpe,0.8830067466484919,0.8830067466484919,0.18686392272512808,-0.07950285025801496,128,False,False,-0.023310429501044783,-0.37799388624375135,-0.052193539343244,41,False
trend__USDJPY__fast_window-24__slow_window-120,trend,USDJPY,8,2023-06-28 22:00:00,2025-06-25 22:00:00,2025-06-25 22:00:00,2025-12-24 22:00:00,"{""fast_window"":24,""slow_window"":120}",9,"{""fast_window"":24,""slow_window"":96}",trend__USDJPY__fast_window-24__slow_window-96,net_sharpe,0.9412004979824481,0.9412004979824481,0.19869887046459112,-0.06236935489479212,133,False,False,-0.046235372970922395,-1.1736543350443902,-0.0927508209652993,37,False
trend__USDJPY__fast_window-24__slow_window-240,trend,USDJPY,1,2020-01-01 22:00:00,2021-12-29 22:00:00,2021-12-29 22:00:00,2022-06-29 22:00:00,"{""fast_window"":24,""slow_window"":240}",9,"{""fast_window"":19,""slow_window"":288}",trend__USDJPY__fast_window-19__slow_window-288,net_sharpe,-0.40406107229182214,-0.40406107229182214,-0.05925967309610891,-0.14577385460866932,115,False,False,0.15340128343957016,3.3522667019304278,-0.038510987072724046,12,True
trend__USDJPY__fast_window-24__slow_window-240,trend,USDJPY,2,2020-07-01 22:00:00,2022-06-29 22:00:00,2022-06-29 22:00:00,2022-12-28 22:00:00,"{""fast_window"":24,""slow_window"":240}",9,"{""fast_window"":19,""slow_window"":288}",trend__USDJPY__fast_window-19__slow_window-288,net_sharpe,0.4632858045760974,0.4632858045760974,0.057774790173365176,-0.1302262640181543,108,False,False,0.044623719761358815,0.7122473000895797,-0.08047614047375518,16,True
trend__USDJPY__fast_window-24__slow_window-240,trend,USDJPY,3,2020-12-30 22:00:00,2022-12-28 22:00:00,2022-12-28 22:00:00,2023-06-28 22:00:00,"{""fast_window"":24,""slow_window"":240}",9,"{""fast_window"":29,""slow_window"":288}",trend__USDJPY__fast_window-29__slow_window-288,net_sharpe,1.0639079355737657,1.0639079355737657,0.20225893468259226,-0.10938499233418275,72,False,False,-0.004946979335351376,-0.041684258891096095,-0.07794057289168099,16,False
trend__USDJPY__fast_window-24__slow_window-240,trend,USDJPY,4,2021-06-30 22:00:00,2023-06-28 22:00:00,2023-06-28 22:00:00,2023-12-27 22:00:00,"{""fast_window"":24,""slow_window"":240}",9,"{""fast_window"":29,""slow_window"":288}",trend__USDJPY__fast_window-29__slow_window-288,net_sharpe,0.9171745412401813,0.9171745412401813,0.19726339600464526,-0.08975557356917707,70,False,False,-0.0006367573937793303,0.024927553791292054,-0.06345630053917439,17,False
trend__USDJPY__fast_window-24__slow_window-240,trend,USDJPY,5,2021-12-29 22:00:00,2023-12-27 22:00:00,2023-12-27 22:00:00,2024-06-26 22:00:00,"{""fast_window"":24,""slow_window"":240}",9,"{""fast_window"":19,""slow_window"":288}",trend__USDJPY__fast_window-19__slow_window-288,net_sharpe,1.2643094406099444,1.2643094406099444,0.3009871596514413,-0.09668040930510535,67,False,False,0.043457916289245224,1.1133770147295796,-0.053161563578868254,13,True
trend__USDJPY__fast_window-24__slow_window-240,trend,USDJPY,6,2022-06-29 22:00:00,2024-06-26 22:00:00,2024-06-26 22:00:00,2024-12-25 22:00:00,"{""fast_window"":24,""slow_window"":240}",9,"{""fast_window"":19,""slow_window"":288}",trend__USDJPY__fast_window-19__slow_window-288,net_sharpe,0.7955425197597762,0.7955425197597762,0.17315162911004567,-0.09668040930510235,69,False,False,0.1334359251145254,2.1854746914790177,-0.06923935444211848,16,True
trend__USDJPY__fast_window-24__slow_window-240,trend,USDJPY,7,2022-12-28 22:00:00,2024-12-25 22:00:00,2024-12-25 22:00:00,2025-06-25 22:00:00,"{""fast_window"":24,""slow_window"":240}",9,"{""fast_window"":19,""slow_window"":288}",trend__USDJPY__fast_window-19__slow_window-288,net_sharpe,1.1006563823338962,1.1006563823338962,0.23540423338463334,-0.06923935444212315,68,False,False,-0.028475113974233413,-0.4888813093777263,-0.06695664683699132,30,False
trend__USDJPY__fast_window-24__slow_window-240,trend,USDJPY,8,2023-06-28 22:00:00,2025-06-25 22:00:00,2025-06-25 22:00:00,2025-12-24 22:00:00,"{""fast_window"":24,""slow_window"":240}",9,"{""fast_window"":29,""slow_window"":240}",trend__USDJPY__fast_window-29__slow_window-240,net_sharpe,0.8113720037155243,0.8113720037155243,0.16646684459850847,-0.07308142894094682,64,False,False,-0.07317762446378773,-1.9624015381678306,-0.10379053942122707,28,False
trend__USDJPY__fast_window-24__slow_window-72,trend,USDJPY,1,2020-01-01 22:00:00,2021-12-29 22:00:00,2021-12-29 22:00:00,2022-06-29 22:00:00,"{""fast_window"":24,""slow_window"":72}",9,"{""fast_window"":19,""slow_window"":58}",trend__USDJPY__fast_window-19__slow_window-58,net_sharpe,0.4758909786361346,0.4758909786361346,0.06363626778370834,-0.13660554937419012,222,False,False,0.1738286704308465,3.7022054475462123,-0.03424605647296297,37,True
trend__USDJPY__fast_window-24__slow_window-72,trend,USDJPY,2,2020-07-01 22:00:00,2022-06-29 22:00:00,2022-06-29 22:00:00,2022-12-28 22:00:00,"{""fast_window"":24,""slow_window"":72}",9,"{""fast_window"":19,""slow_window"":58}",trend__USDJPY__fast_window-19__slow_window-58,net_sharpe,1.2021588776589636,1.2021588776589636,0.16541645668623617,-0.09083101815268924,205,False,False,-0.09770270038003492,-1.4247846229031833,-0.14497587065740303,58,False
trend__USDJPY__fast_window-24__slow_window-72,trend,USDJPY,3,2020-12-30 22:00:00,2022-12-28 22:00:00,2022-12-28 22:00:00,2023-06-28 22:00:00,"{""fast_window"":24,""slow_window"":72}",9,"{""fast_window"":19,""slow_window"":58}",trend__USDJPY__fast_window-19__slow_window-58,net_sharpe,0.7328012431404306,0.7328012431404306,0.13282882265586293,-0.14497587065740414,194,False,False,-0.08418357107895458,-1.4726271196144236,-0.1410029940925278,62,False
trend__USDJPY__fast_window-24__slow_window-72,trend,USDJPY,4,2021-06-30 22:00:00,2023-06-28 22:00:00,2023-06-28 22:00:00,2023-12-27 22:00:00,"{""fast_window"":24,""slow_window"":72}",9,"{""fast_window"":19,""slow_window"":58}",trend__USDJPY__fast_window-19__slow_window-58,net_sharpe,0.10749480386016493,0.10749480386016493,0.011549015355308612,-0.23647733603734056,204,False,False,0.00988632588723215,0.2740878402657803,-0.06815253524403564,56,True
trend__USDJPY__fast_window-24__slow_window-72,trend,USDJPY,5,2021-12-29 22:00:00,2023-12-27 22:00:00,2023-12-27 22:00:00,2024-06-26 22:00:00,"{""fast_window"":24,""slow_window"":72}",9,"{""fast_window"":19,""slow_window"":58}",trend__USDJPY__fast_window-19__slow_window-58,net_sharpe,0.019281237323489544,0.019281237323489544,-0.007722692755967264,-0.23647733603734278,214,False,False,-0.026199016108271134,-0.5892989420910895,-0.0828265533183623,59,False
trend__USDJPY__fast_window-24__slow_window-72,trend,USDJPY,6,2022-06-29 22:00:00,2024-06-26 22:00:00,2024-06-26 22:00:00,2024-12-25 22:00:00,"{""fast_window"":24,""slow_window"":72}",9,"{""fast_window"":19,""slow_window"":86}",trend__USDJPY__fast_window-19__slow_window-86,net_sharpe,-0.46790568418918616,-0.46790568418918616,-0.10700325722136117,-0.22249681011471034,179,False,False,0.0846914331428299,1.3950338997159846,-0.06674534520989728,29,True
trend__USDJPY__fast_window-24__slow_window-72,trend,USDJPY,7,2022-12-28 22:00:00,2024-12-25 22:00:00,2024-12-25 22:00:00,2025-06-25 22:00:00,"{""fast_window"":24,""slow_window"":72}",9,"{""fast_window"":19,""slow_window"":86}",trend__USDJPY__fast_window-19__slow_window-86,net_sharpe,0.3133802328532047,0.3133802328532047,0.05543380505728113,-0.1316825107979669,160,False,False,0.022612047265850643,0.46445495050398444,-0.03790265134977877,45,True
trend__USDJPY__fast_window-24__slow_window-72,trend,USDJPY,8,2023-06-28 22:00:00,2025-06-25 22:00:00,2025-06-25 22:00:00,2025-12-24 22:00:00,"{""fast_window"":24,""slow_window"":72}",9,"{""fast_window"":29,""slow_window"":86}",trend__USDJPY__fast_window-29__slow_window-86,net_sharpe,0.9213936134026031,0.9213936134026031,0.19389208201724895,-0.07876134087802555,132,False,False,-0.05777714422799585,-1.47952030073428,-0.08950423437549049,35,False
trend__XAUUSD__fast_window-12__slow_window-120,trend,XAUUSD,1,2020-01-01 23:00:00,2021-12-29 23:00:00,2021-12-29 23:00:00,2022-06-29 23:00:00,"{""fast_window"":12,""slow_window"":120}",9,"{""fast_window"":12,""slow_window"":96}",trend__XAUUSD__fast_window-12__slow_window-96,net_sharpe,0.6873700004501581,0.6873700004501581,0.23217277411714443,-0.1558570185010404,220,False,False,-0.06753328585571128,-0.8494325752792742,-0.15508955261494473,58,False
trend__XAUUSD__fast_window-12__slow_window-120,trend,XAUUSD,2,2020-07-01 23:00:00,2022-06-29 23:00:00,2022-06-29 23:00:00,2022-12-28 23:00:00,"{""fast_window"":12,""slow_window"":120}",9,"{""fast_window"":10,""slow_window"":120}",trend__XAUUSD__fast_window-10__slow_window-120,net_sharpe,0.1853051402368301,0.1853051402368301,0.03385769371323466,-0.18419227684929518,210,False,False,0.06239663486402458,0.9044631999985459,-0.07975657081426846,39,True
trend__XAUUSD__fast_window-12__slow_window-120,trend,XAUUSD,3,2020-12-30 23:00:00,2022-12-28 23:00:00,2022-12-28 23:00:00,2023-06-28 23:00:00,"{""fast_window"":12,""slow_window"":120}",9,"{""fast_window"":10,""slow_window"":120}",trend__XAUUSD__fast_window-10__slow_window-120,net_sharpe,0.46707368870306254,0.46707368870306254,0.12229207784106699,-0.16403561070469397,205,False,False,0.026235448656574345,0.43509545844116754,-0.1556476625537121,48,True
trend__XAUUSD__fast_window-12__slow_window-120,trend,XAUUSD,4,2021-06-30 23:00:00,2023-06-28 23:00:00,2023-06-28 23:00:00,2023-12-27 23:00:00,"{""fast_window"":12,""slow_window"":120}",9,"{""fast_window"":10,""slow_window"":120}",trend__XAUUSD__fast_window-10__slow_window-120,net_sharpe,0.3330095811939597,0.3330095811939597,0.07857153082672097,-0.16403561070469241,200,False,False,0.16286775563242184,2.720458565524193,-0.05575237731870841,36,True
trend__XAUUSD__fast_window-12__slow_window-120,trend,XAUUSD,5,2021-12-29 23:00:00,2023-12-27 23:00:00,2023-12-27 23:00:00,2024-06-26 23:00:00,"{""fast_window"":12,""slow_window"":120}",9,"{""fast_window"":10,""slow_window"":120}",trend__XAUUSD__fast_window-10__slow_window-120,net_sharpe,0.7465136463581551,0.7465136463581551,0.21015415041871277,-0.190644983831601,184,False,False,-0.018422547571707137,-0.19330535859384138,-0.1267925754897874,55,False
trend__XAUUSD__fast_window-12__slow_window-120,trend,XAUUSD,6,2022-06-29 23:00:00,2024-06-26 23:00:00,2024-06-26 23:00:00,2024-12-25 23:00:00,"{""fast_window"":12,""slow_window"":120}",9,"{""fast_window"":12,""slow_window"":120}",trend__XAUUSD__fast_window-12__slow_window-120,net_sharpe,0.8091698342093366,0.8091698342093366,0.22623813267691184,-0.18246937179028044,169,False,False,0.06459283908896207,0.9771839700254974,-0.09962253827878342,36,True
trend__XAUUSD__fast_window-12__slow_window-120,trend,XAUUSD,7,2022-12-28 23:00:00,2024-12-25 23:00:00,2024-12-25 23:00:00,2025-06-25 23:00:00,"{""fast_window"":12,""slow_window"":120}",9,"{""fast_window"":12,""slow_window"":120}",trend__XAUUSD__fast_window-12__slow_window-120,net_sharpe,0.7957428574923889,0.7957428574923889,0.21787900840803687,-0.1824693717902841,166,False,False,0.0741257369741235,0.8780801670835356,-0.15807894660276323,44,True
trend__XAUUSD__fast_window-12__slow_window-120,trend,XAUUSD,8,2023-06-28 23:00:00,2025-06-25 23:00:00,2025-06-25 23:00:00,2025-12-24 23:00:00,"{""fast_window"":12,""slow_window"":120}",9,"{""fast_window"":14,""slow_window"":144}",trend__XAUUSD__fast_window-14__slow_window-144,net_sharpe,1.0509449566838085,1.0509449566838085,0.3317720227006875,-0.14368187194976412,139,False,False,0.2384561159503522,2.496049640748283,-0.07030939623199517,35,True
trend__XAUUSD__fast_window-12__slow_window-240,trend,XAUUSD,1,2020-01-01 23:00:00,2021-12-29 23:00:00,2021-12-29 23:00:00,2022-06-29 23:00:00,"{""fast_window"":12,""slow_window"":240}",9,"{""fast_window"":14,""slow_window"":192}",trend__XAUUSD__fast_window-14__slow_window-192,net_sharpe,-0.17810584792909318,-0.17810584792909318,-0.0878338476986652,-0.2535677454489531,160,False,False,-0.011834584876801668,-0.08357547898841312,-0.13191231919445745,34,False
trend__XAUUSD__fast_window-12__slow_window-240,trend,XAUUSD,2,2020-07-01 23:00:00,2022-06-29 23:00:00,2022-06-29 23:00:00,2022-12-28 23:00:00,"{""fast_window"":12,""slow_window"":240}",9,"{""fast_window"":14,""slow_window"":192}",trend__XAUUSD__fast_window-14__slow_window-192,net_sharpe,-0.17128472843109047,-0.17128472843109047,-0.07369940704899536,-0.22350237879813706,150,False,False,0.005751722735895193,0.15186164722706222,-0.06699997431839,34,True
trend__XAUUSD__fast_window-12__slow_window-240,trend,XAUUSD,3,2020-12-30 23:00:00,2022-12-28 23:00:00,2022-12-28 23:00:00,2023-06-28 23:00:00,"{""fast_window"":12,""slow_window"":240}",9,"{""fast_window"":14,""slow_window"":288}",trend__XAUUSD__fast_window-14__slow_window-288,net_sharpe,0.45830871460244166,0.45830871460244166,0.11810706391930492,-0.1342377091918222,100,False,False,-0.011432021661320069,-0.09766480713195037,-0.12113110714712949,28,False
trend__XAUUSD__fast_window-12__slow_window-240,trend,XAUUSD,4,2021-06-30 23:00:00,2023-06-28 23:00:00,2023-06-28 23:00:00,2023-12-27 23:00:00,"{""fast_window"":12,""slow_window"":240}",9,"{""fast_window"":14,""slow_window"":288}",trend__XAUUSD__fast_window-14__slow_window-288,net_sharpe,0.470436388213939,0.470436388213939,0.12186886948223274,-0.13423770919182465,100,False,False,0.07600063736026974,1.3936747837641514,-0.07570343281091929,19,True
trend__XAUUSD__fast_window-12__slow_window-240,trend,XAUUSD,5,2021-12-29 23:00:00,2023-12-27 23:00:00,2023-12-27 23:00:00,2024-06-26 23:00:00,"{""fast_window"":12,""slow_window"":240}",9,"{""fast_window"":14,""slow_window"":288}",trend__XAUUSD__fast_window-14__slow_window-288,net_sharpe,0.919318241232197,0.919318241232197,0.2699629810062132,-0.14269157483698303,95,False,False,0.06599958101786241,0.9944720863183741,-0.11253071190925423,24,True
trend__XAUUSD__fast_window-12__slow_window-240,trend,XAUUSD,6,2022-06-29 23:00:00,2024-06-26 23:00:00,2024-06-26 23:00:00,2024-12-25 23:00:00,"{""fast_window"":12,""slow_window"":240}",9,"{""fast_window"":10,""slow_window"":192}",trend__XAUUSD__fast_window-10__slow_window-192,net_sharpe,0.9785700609852154,0.9785700609852154,0.2841838583632723,-0.17092340679944573,131,False,False,0.05823976858340507,0.89579034376978,-0.1063169869146835,28,True
trend__XAUUSD__fast_window-12__slow_window-240,trend,XAUUSD,7,2022-12-28 23:00:00,2024-12-25 23:00:00,2024-12-25 23:00:00,2025-06-25 23:00:00,"{""fast_window"":12,""slow_window"":240}",9,"{""fast_window"":10,""slow_window"":192}",trend__XAUUSD__fast_window-10__slow_window-192,net_sharpe,1.0173754152133603,1.0173754152133603,0.29201194090378557,-0.1709234067994455,120,False,False,0.05165411552787824,0.6482511558850292,-0.1756921584211758,32,True
trend__XAUUSD__fast_window-12__slow_window-240,trend,XAUUSD,8,2023-06-28 23:00:00,2025-06-25 23:00:00,2025-06-25 23:00:00,2025-12-24 23:00:00,"{""fast_window"":12,""slow_window"":240}",9,"{""fast_window"":10,""slow_window"":192}",trend__XAUUSD__fast_window-10__slow_window-192,net_sharpe,1.2042006161466308,1.2042006161466308,0.3923312238720049,-0.17569215842117458,116,False,False,0.2746386324406407,2.8268900987503383,-0.07115182860624858,29,True
trend__XAUUSD__fast_window-12__slow_window-72,trend,XAUUSD,1,2020-01-01 23:00:00,2021-12-29 23:00:00,2021-12-29 23:00:00,2022-06-29 23:00:00,"{""fast_window"":12,""slow_window"":72}",9,"{""fast_window"":12,""slow_window"":72}",trend__XAUUSD__fast_window-12__slow_window-72,net_sharpe,0.8222247272553428,0.8222247272553428,0.2920118985258928,-0.12092463666238795,240,False,False,-0.05165706990694818,-0.6247529320270775,-0.14191247789218708,69,False
trend__XAUUSD__fast_window-12__slow_window-72,trend,XAUUSD,2,2020-07-01 23:00:00,2022-06-29 23:00:00,2022-06-29 23:00:00,2022-12-28 23:00:00,"{""fast_window"":12,""slow_window"":72}",9,"{""fast_window"":10,""slow_window"":72}",trend__XAUUSD__fast_window-10__slow_window-72,net_sharpe,0.35753484322137175,0.35753484322137175,0.09036804472322979,-0.15527985861219973,278,False,False,-0.010004534650341124,-0.06114100241099818,-0.09454254317428257,68,False
trend__XAUUSD__fast_window-12__slow_window-72,trend,XAUUSD,3,2020-12-30 23:00:00,2022-12-28 23:00:00,2022-12-28 23:00:00,2023-06-28 23:00:00,"{""fast_window"":12,""slow_window"":72}",9,"{""fast_window"":10,""slow_window"":86}",trend__XAUUSD__fast_window-10__slow_window-86,net_sharpe,0.0958740184333704,0.0958740184333704,0.00652854287611726,-0.1533859597816658,266,False,False,-0.12168773911608088,-1.740186222212857,-0.20509786903094118,66,False
trend__XAUUSD__fast_window-12__slow_window-72,trend,XAUUSD,4,2021-06-30 23:00:00,2023-06-28 23:00:00,2023-06-28 23:00:00,2023-12-27 23:00:00,"{""fast_window"":12,""slow_window"":72}",9,"{""fast_window"":14,""slow_window"":86}",trend__XAUUSD__fast_window-14__slow_window-86,net_sharpe,-0.32105433843998465,-0.32105433843998465,-0.10834990236404074,-0.20394835571116576,224,False,False,0.18350447402343972,3.023472722635588,-0.05179751197332638,27,True
trend__XAUUSD__fast_window-12__slow_window-72,trend,XAUUSD,5,2021-12-29 23:00:00,2023-12-27 23:00:00,2023-12-27 23:00:00,2024-06-26 23:00:00,"{""fast_window"":12,""slow_window"":72}",9,"{""fast_window"":14,""slow_window"":86}",trend__XAUUSD__fast_window-14__slow_window-86,net_sharpe,0.5905345175498654,0.5905345175498654,0.15816260892637435,-0.21043113803196123,180,False,False,-0.033570060898511,-0.4131379479200684,-0.11589797019259229,63,False
trend__XAUUSD__fast_window-12__slow_window-72,trend,XAUUSD,6,2022-06-29 23:00:00,2024-06-26 23:00:00,2024-06-26 23:00:00,2024-12-25 23:00:00,"{""fast_window"":12,""slow_window"":72}",9,"{""fast_window"":14,""slow_window"":86}",trend__XAUUSD__fast_window-14__slow_window-86,net_sharpe,0.6578315518249225,0.6578315518249225,0.17659714224501388,-0.21043113803195912,183,False,False,0.05250557593487204,0.8094753053435428,-0.09169508722391173,48,True
trend__XAUUSD__fast_window-12__slow_window-72,trend,XAUUSD,7,2022-12-28 23:00:00,2024-12-25 23:00:00,2024-12-25 23:00:00,2025-06-25 23:00:00,"{""fast_window"":12,""slow_window"":72}",9,"{""fast_window"":14,""slow_window"":86}",trend__XAUUSD__fast_window-14__slow_window-86,net_sharpe,0.5136039534471329,0.5136039534471329,0.12844253716569853,-0.21043113803195856,184,False,False,0.09037692532159336,1.0420558925884518,-0.10142423711794035,47,True
trend__XAUUSD__fast_window-12__slow_window-72,trend,XAUUSD,8,2023-06-28 23:00:00,2025-06-25 23:00:00,2025-06-25 23:00:00,2025-12-24 23:00:00,"{""fast_window"":12,""slow_window"":72}",9,"{""fast_window"":14,""slow_window"":72}",trend__XAUUSD__fast_window-14__slow_window-72,net_sharpe,1.221130742535766,1.221130742535766,0.40092985325061803,-0.148161682900533,196,False,False,0.21589532873512884,2.2759928485140257,-0.09769665713562614,46,True
trend__XAUUSD__fast_window-24__slow_window-120,trend,XAUUSD,1,2020-01-01 23:00:00,2021-12-29 23:00:00,2021-12-29 23:00:00,2022-06-29 23:00:00,"{""fast_window"":24,""slow_window"":120}",9,"{""fast_window"":19,""slow_window"":96}",trend__XAUUSD__fast_window-19__slow_window-96,net_sharpe,0.33928286803187857,0.33928286803187857,0.0916497523727271,-0.1997917923423097,172,False,False,-0.10252777209844943,-1.3554114006841067,-0.16450504096444862,48,False
trend__XAUUSD__fast_window-24__slow_window-120,trend,XAUUSD,2,2020-07-01 23:00:00,2022-06-29 23:00:00,2022-06-29 23:00:00,2022-12-28 23:00:00,"{""fast_window"":24,""slow_window"":120}",9,"{""fast_window"":19,""slow_window"":96}",trend__XAUUSD__fast_window-19__slow_window-96,net_sharpe,-0.04057430919445537,-0.04057430919445537,-0.03574593376899882,-0.19979179234230615,176,False,False,0.041545924370163245,0.6279485999593863,-0.1129212427603421,34,True
trend__XAUUSD__fast_window-24__slow_window-120,trend,XAUUSD,3,2020-12-30 23:00:00,2022-12-28 23:00:00,2022-12-28 23:00:00,2023-06-28 23:00:00,"{""fast_window"":24,""slow_window"":120}",9,"{""fast_window"":19,""slow_window"":120}",trend__XAUUSD__fast_window-19__slow_window-120,net_sharpe,0.2618666736917399,0.2618666736917399,0.056775077578494315,-0.15058622538583333,152,False,False,0.00849387109993538,0.1902012424678235,-0.16042591484931445,36,True
trend__XAUUSD__fast_window-24__slow_window-120,trend,XAUUSD,4,2021-06-30 23:00:00,2023-06-28 23:00:00,2023-06-28 23:00:00,2023-12-27 23:00:00,"{""fast_window"":24,""slow_window"":120}",9,"{""fast_window"":24,""slow_window"":144}",trend__XAUUSD__fast_window-24__slow_window-144,net_sharpe,0.39643385652000596,0.39643385652000596,0.09857041159169011,-0.13421919086572087,130,False,False,0.16865448430996666,2.8394256538968565,-0.049277330683232146,18,True
trend__XAUUSD__fast_window-24__slow_window-120,trend,XAUUSD,5,2021-12-29 23:00:00,2023-12-27 23:00:00,2023-12-27 23:00:00,2024-06-26 23:00:00,"{""fast_window"":24,""slow_window"":120}",9,"{""fast_window"":29,""slow_window"":144}",trend__XAUUSD__fast_window-29__slow_window-144,net_sharpe,0.9759756614269391,0.9759756614269391,0.2909403447437371,-0.1468293407950807,100,False,False,0.022931752421994522,0.39362042535916514,-0.08113562800669549,27,True
trend__XAUUSD__fast_window-24__slow_window-120,trend,XAUUSD,6,2022-06-29 23:00:00,2024-06-26 23:00:00,2024-06-26 23:00:00,2024-12-25 23:00:00,"{""fast_window"":24,""slow_window"":120}",9,"{""fast_window"":29,""slow_window"":96}",trend__XAUUSD__fast_window-29__slow_window-96,net_sharpe,0.9297729652354054,0.9297729652354054,0.26836741728204316,-0.18170686037006656,125,False,False,0.07112118509106691,1.0627194091177878,-0.10863979336438923,28,True
trend__XAUUSD__fast_window-24__slow_window-120,trend,XAUUSD,7,2022-12-28 23:00:00,2024-12-25 23:00:00,2024-12-25 23:00:00,2025-06-25 23:00:00,"{""fast_window"":24,""slow_window"":120}",9,"{""fast_window"":29,""slow_window"":120}",trend__XAUUSD__fast_window-29__slow_window-120,net_sharpe,1.021295446648717,1.021295446648717,0.29460529217416886,-0.1679551272034101,110,False,False,0.06732175235615223,0.8081123866938388,-0.15036920249005326,26,True
trend__XAUUSD__fast_window-24__slow_window-120,trend,XAUUSD,8,2023-06-28 23:00:00,2025-06-25 23:00:00,2025-06-25 23:00:00,2025-12-24 23:00:00,"{""fast_window"":24,""slow_window"":120}",9,"{""fast_window"":24,""slow_window"":96}",trend__XAUUSD__fast_window-24__slow_window-96,net_sharpe,1.3373767680847863,1.3373767680847863,0.4494177986829293,-0.10407334245188749,124,False,False,0.2064767453221379,2.1913697197455924,-0.07030939623199572,35,True
trend__XAUUSD__fast_window-24__slow_window-240,trend,XAUUSD,1,2020-01-01 23:00:00,2021-12-29 23:00:00,2021-12-29 23:00:00,2022-06-29 23:00:00,"{""fast_window"":24,""slow_window"":240}",9,"{""fast_window"":24,""slow_window"":240}",trend__XAUUSD__fast_window-24__slow_window-240,net_sharpe,-0.1947024616383441,-0.1947024616383441,-0.09294172318568339,-0.2508704404861536,101,False,False,0.026009328646064533,0.4184677613054384,-0.11490273756329661,20,True
trend__XAUUSD__fast_window-24__slow_window-240,trend,XAUUSD,2,2020-07-01 23:00:00,2022-06-29 23:00:00,2022-06-29 23:00:00,2022-12-28 23:00:00,"{""fast_window"":24,""slow_window"":240}",9,"{""fast_window"":24,""slow_window"":192}",trend__XAUUSD__fast_window-24__slow_window-192,net_sharpe,-0.014371611029586326,-0.014371611029586326,-0.02782729823628438,-0.24500245374727347,114,False,False,0.00723886709889765,0.17231235946495305,-0.07214293146527018,24,True
trend__XAUUSD__fast_window-24__slow_window-240,trend,XAUUSD,3,2020-12-30 23:00:00,2022-12-28 23:00:00,2022-12-28 23:00:00,2023-06-28 23:00:00,"{""fast_window"":24,""slow_window"":240}",9,"{""fast_window"":29,""slow_window"":288}",trend__XAUUSD__fast_window-29__slow_window-288,net_sharpe,0.5228655146215717,0.5228655146215717,0.13916393816160744,-0.1360218993586786,74,False,False,-0.00545134361382249,-0.010158649777330456,-0.11807469803568837,16,False
trend__XAUUSD__fast_window-24__slow_window-240,trend,XAUUSD,4,2021-06-30 23:00:00,2023-06-28 23:00:00,2023-06-28 23:00:00,2023-12-27 23:00:00,"{""fast_window"":24,""slow_window"":240}",9,"{""fast_window"":24,""slow_window"":192}",trend__XAUUSD__fast_window-24__slow_window-192,net_sharpe,0.7300557575095856,0.7300557575095856,0.20999756867298958,-0.1164662251652282,96,False,False,0.10553094660954554,1.8636793391793622,-0.08671656714679221,21,True
trend__XAUUSD__fast_window-24__slow_window-240,trend,XAUUSD,5,2021-12-29 23:00:00,2023-12-27 23:00:00,2023-12-27 23:00:00,2024-06-26 23:00:00,"{""fast_window"":24,""slow_window"":240}",9,"{""fast_window"":24,""slow_window"":192}",trend__XAUUSD__fast_window-24__slow_window-192,net_sharpe,1.0725499699763035,1.0725499699763035,0.3262766152866128,-0.12736202422143472,90,False,False,0.08797088921715113,1.2789057610583932,-0.07314883424872243,19,True
trend__XAUUSD__fast_window-24__slow_window-240,trend,XAUUSD,6,2022-06-29 23:00:00,2024-06-26 23:00:00,2024-06-26 23:00:00,2024-12-25 23:00:00,"{""fast_window"":24,""slow_window"":240}",9,"{""fast_window"":19,""slow_window"":192}",trend__XAUUSD__fast_window-19__slow_window-192,net_sharpe,0.8824748396955487,0.8824748396955487,0.2507051315858573,-0.12437570869324666,103,False,False,0.03094839634491442,0.5141225775175209,-0.12210688200510167,26,True
trend__XAUUSD__fast_window-24__slow_window-240,trend,XAUUSD,7,2022-12-28 23:00:00,2024-12-25 23:00:00,2024-12-25 23:00:00,2025-06-25 23:00:00,"{""fast_window"":24,""slow_window"":240}",9,"{""fast_window"":19,""slow_window"":192}",trend__XAUUSD__fast_window-19__slow_window-192,net_sharpe,0.9304195649394541,0.9304195649394541,0.2620575927367965,-0.12437570869324799,98,False,False,-0.014555437059955878,-0.0715200040577581,-0.20444794377213826,28,False
trend__XAUUSD__fast_window-24__slow_window-240,trend,XAUUSD,8,2023-06-28 23:00:00,2025-06-25 23:00:00,2025-06-25 23:00:00,2025-12-24 23:00:00,"{""fast_window"":24,""slow_window"":240}",9,"{""fast_window"":29,""slow_window"":192}",trend__XAUUSD__fast_window-29__slow_window-192,net_sharpe,0.7841069226623502,0.7841069226623502,0.2312839563335114,-0.17995287464482412,84,False,False,0.2967325240686285,3.021267348439036,-0.06936519176736611,14,True
trend__XAUUSD__fast_window-24__slow_window-72,trend,XAUUSD,1,2020-01-01 23:00:00,2021-12-29 23:00:00,2021-12-29 23:00:00,2022-06-29 23:00:00,"{""fast_window"":24,""slow_window"":72}",9,"{""fast_window"":19,""slow_window"":58}",trend__XAUUSD__fast_window-19__slow_window-58,net_sharpe,0.885011157937889,0.885011157937889,0.3207033296541073,-0.12146324336920333,216,False,False,-0.05081631652232588,-0.6102240936029009,-0.1269277325877879,68,False
trend__XAUUSD__fast_window-24__slow_window-72,trend,XAUUSD,2,2020-07-01 23:00:00,2022-06-29 23:00:00,2022-06-29 23:00:00,2022-12-28 23:00:00,"{""fast_window"":24,""slow_window"":72}",9,"{""fast_window"":19,""slow_window"":58}",trend__XAUUSD__fast_window-19__slow_window-58,net_sharpe,0.4160277177964034,0.4160277177964034,0.11027067418553016,-0.12692773258778633,232,False,False,0.03581111859804231,0.5485319262332052,-0.09038243147295144,49,True
trend__XAUUSD__fast_window-24__slow_window-72,trend,XAUUSD,3,2020-12-30 23:00:00,2022-12-28 23:00:00,2022-12-28 23:00:00,2023-06-28 23:00:00,"{""fast_window"":24,""slow_window"":72}",9,"{""fast_window"":29,""slow_window"":86}",trend__XAUUSD__fast_window-29__slow_window-86,net_sharpe,0.24442418305035857,0.24442418305035857,0.05147561282366597,-0.1470647351699892,143,False,False,-0.03823119060832869,-0.47254994021292074,-0.1829556173065725,36,False
trend__XAUUSD__fast_window-24__slow_window-72,trend,XAUUSD,4,2021-06-30 23:00:00,2023-06-28 23:00:00,2023-06-28 23:00:00,2023-12-27 23:00:00,"{""fast_window"":24,""slow_window"":72}",9,"{""fast_window"":29,""slow_window"":86}",trend__XAUUSD__fast_window-29__slow_window-86,net_sharpe,0.021769128064347165,0.021769128064347165,-0.014791992603358506,-0.1829556173065765,144,False,False,0.16546435374807844,2.753213035761489,-0.053370765126346975,19,True
trend__XAUUSD__fast_window-24__slow_window-72,trend,XAUUSD,5,2021-12-29 23:00:00,2023-12-27 23:00:00,2023-12-27 23:00:00,2024-06-26 23:00:00,"{""fast_window"":24,""slow_window"":72}",9,"{""fast_window"":19,""slow_window"":86}",trend__XAUUSD__fast_window-19__slow_window-86,net_sharpe,0.5388978811252959,0.5388978811252959,0.14139079473325866,-0.20697807203378094,144,False,False,-0.009024970950086586,-0.05772404174574212,-0.10819647461458204,49,False
trend__XAUUSD__fast_window-24__slow_window-72,trend,XAUUSD,6,2022-06-29 23:00:00,2024-06-26 23:00:00,2024-06-26 23:00:00,2024-12-25 23:00:00,"{""fast_window"":24,""slow_window"":72}",9,"{""fast_window"":29,""slow_window"":86}",trend__XAUUSD__fast_window-29__slow_window-86,net_sharpe,0.7839037431638888,0.7839037431638888,0.21830092548212132,-0.20693005984161528,123,False,False,0.046393867171457215,0.7249399486204232,-0.1071900321747502,32,True
trend__XAUUSD__fast_window-24__slow_window-72,trend,XAUUSD,7,2022-12-28 23:00:00,2024-12-25 23:00:00,2024-12-25 23:00:00,2025-06-25 23:00:00,"{""fast_window"":24,""slow_window"":72}",9,"{""fast_window"":29,""slow_window"":86}",trend__XAUUSD__fast_window-29__slow_window-86,net_sharpe,0.6344676461067295,0.6344676461067295,0.16607476620999084,-0.20693005984161061,126,False,False,0.2198424859019663,2.2764874021701766,-0.06901463175207423,27,True
trend__XAUUSD__fast_window-24__slow_window-72,trend,XAUUSD,8,2023-06-28 23:00:00,2025-06-25 23:00:00,2025-06-25 23:00:00,2025-12-24 23:00:00,"{""fast_window"":24,""slow_window"":72}",9,"{""fast_window"":19,""slow_window"":58}",trend__XAUUSD__fast_window-19__slow_window-58,net_sharpe,1.4231428995625723,1.4231428995625723,0.4866916112690105,-0.15734960984063195,186,False,False,0.17055381576370077,1.8485579052879295,-0.07853434076070165,52,True
